player_id,name,position,team_name,status,predicted_minutes_rf,predicted_minutes_linear,predicted_minutes_ensemble,rotation_risk,is_dgw,congestion_index
1,David Raya Martín,GKP,Arsenal,a,0.0,-1.4210854715202004e-14,0.0,0.05,False,1.0
2,Kepa Arrizabalaga Revuelta,GKP,Arsenal,a,0.0,-1.2434497875801753e-14,0.0,0.05,False,1.0
3,Karl Hein,GKP,Arsenal,a,0.0,-8.881784197001252e-15,0.0,0.05,False,1.0
4,Tommy Setford,GKP,Arsenal,a,0.0,-8.881784197001252e-15,0.0,0.05,False,1.0
5,Gabriel dos Santos Magalhães,DEF,Arsenal,a,0.0,-1.7763568394002505e-15,0.0,0.05,False,1.0
6,William Saliba,DEF,Arsenal,a,0.0,-1.7763568394002505e-15,0.0,0.05,False,1.0
7,Riccardo Calafiori,DEF,Arsenal,a,0.0,-1.7763568394002505e-15,0.0,0.05,False,1.0
8,Jurriën Timber,DEF,Arsenal,a,0.0,-1.7763568394002505e-15,0.0,0.05,False,1.0
9,Jakub Kiwior,DEF,Arsenal,a,0.0,-3.552713678800501e-15,0.0,0.05,False,1.0
10,Myles Lewis-Skelly,DEF,Arsenal,a,0.0175,-1.7763568394002505e-15,0.012249999999999468,0.05,False,1.0
11,Benjamin White,DEF,Arsenal,a,0.0,-1.7763568394002505e-15,0.0,0.05,False,1.0
12,Oleksandr Zinchenko,DEF,Arsenal,a,0.0,0.0,0.0,0.05,False,1.0
13,Brayden Clarke,DEF,Arsenal,a,0.0,5.329070518200751e-15,1.5987211554602253e-15,0.05,False,1.0
14,Maldini Kacurri,DEF,Arsenal,a,0.0,3.552713678800501e-15,1.0658141036401502e-15,0.05,False,1.0
15,Josh Nichols,DEF,Arsenal,a,0.0,3.552713678800501e-15,1.0658141036401502e-15,0.05,False,1.0
16,Bukayo Saka,MID,Arsenal,a,0.0,8.881784197001252e-15,2.6645352591003757e-15,0.05,False,1.0
17,Martin Ødegaard,MID,Arsenal,a,0.0375,-3.552713678800501e-15,0.026249999999998934,0.05,False,1.0
18,Noni Madueke,MID,Arsenal,a,0.0,1.7763568394002505e-15,5.329070518200751e-16,0.05,False,1.0
19,Gabriel Martinelli Silva,MID,Arsenal,a,0.0,1.7763568394002505e-15,5.329070518200751e-16,0.05,False,1.0
20,Leandro Trossard,MID,Arsenal,d,0.0,1.7763568394002505e-15,2.9976021664879224e-16,0.05,False,1.0
21,Declan Rice,MID,Arsenal,a,0.01714285714285714,3.552713678800501e-15,0.012000000000001062,0.05,False,1.0
22,Mikel Merino Zazón,MID,Arsenal,a,0.0,-1.5987211554602254e-14,0.0,0.05,False,1.0
23,Fábio Ferreira Vieira,MID,Arsenal,a,0.0,-1.5987211554602254e-14,0.0,0.05,False,1.0
24,Christian Nørgaard,MID,Arsenal,a,0.0,-1.5987211554602254e-14,0.0,0.05,False,1.0
25,Ethan Nwaneri,MID,Arsenal,a,0.0,-1.5987211554602254e-14,0.0,0.05,False,1.0
26,Martín Zubimendi Ibáñez,MID,Arsenal,a,0.0,-1.5987211554602254e-14,0.0,0.05,False,1.0
27,Reiss Nelson,MID,Arsenal,a,0.0,-1.4210854715202004e-14,0.0,0.05,False,1.0
28,Ismeal Kabia,MID,Arsenal,a,0.0,-1.2434497875801753e-14,0.0,0.05,False,1.0
29,Albert Sambi Lokonga,MID,Arsenal,a,0.0,-1.2434497875801753e-14,0.0,0.05,False,1.0
30,Kai Havertz,FWD,Arsenal,a,0.0,-1.5987211554602254e-14,0.0,0.05,False,1.0
31,Gabriel Fernando de Jesus,FWD,Arsenal,i,0.007984126984126984,-1.0658141036401503e-14,0.0,0.05,False,1.0
662,Cristhian Mosquera,DEF,Arsenal,a,0.0,-3.552713678800501e-15,0.0,0.05,False,1.0
666,Viktor Gyökeres,FWD,Arsenal,a,0.0,3.552713678800501e-15,1.0658141036401502e-15,0.05,False,1.0
32,Emiliano Martínez Romero,GKP,Aston Villa,s,0.0,1.2434497875801753e-14,0.0,0.05,False,0.5
33,Marco Bizot,GKP,Aston Villa,a,66.29707479551753,90.0,73.40795235686227,0.05,False,0.5
34,Joe Gauci,GKP,Aston Villa,u,0.0,1.5987211554602254e-14,0.0,0.05,False,0.5
35,Filip Marschall,GKP,Aston Villa,u,0.0,1.5987211554602254e-14,0.0,0.05,False,0.5
36,Matty Cash,DEF,Aston Villa,a,66.40962530056802,90.00000000000001,73.48673771039762,0.05,False,0.5
37,Lucas Digne,DEF,Aston Villa,a,66.58962530056802,90.0,73.61273771039761,0.05,False,0.5
38,Ezri Konsa Ngoyo,DEF,Aston Villa,a,55.93405832587604,65.00000000000001,58.65384082811323,0.05,False,0.5
39,Ian Maatsen,DEF,Aston Villa,a,0.04115079365079365,2.842170943040401e-14,0.028805555555564084,0.05,False,0.5
40,Tyrone Mings,DEF,Aston Villa,a,66.47843482437756,90.0,73.5349043770643,0.05,False,0.5
41,Pau Torres,DEF,Aston Villa,a,0.0,2.842170943040401e-14,8.526512829121202e-15,0.05,False,0.5
42,Andrés García,DEF,Aston Villa,d,0.0,3.019806626980426e-14,1.6986412276764894e-15,0.05,False,0.5
43,Álex Moreno Lopera,DEF,Aston Villa,a,0.12226190476190477,3.019806626980426e-14,0.08558333333334239,0.05,False,0.5
44,Lamare Bogarde,DEF,Aston Villa,a,0.0,3.019806626980426e-14,9.059419880941277e-15,0.05,False,0.5
45,Lino da Cruz Sousa,DEF,Aston Villa,a,0.0,3.019806626980426e-14,9.059419880941277e-15,0.05,False,0.5
46,Yasin Özcan,DEF,Aston Villa,a,0.0,2.842170943040401e-14,8.526512829121202e-15,0.05,False,0.5
47,Morgan Rogers,MID,Aston Villa,a,65.68784842466614,90.00000000000001,72.9814938972663,0.05,False,0.5
48,Youri Tielemans,MID,Aston Villa,a,66.45164514183787,90.0,73.5161515992865,0.05,False,0.5
49,Leon Bailey,MID,Aston Villa,a,0.0016666666666666666,8.881784197001252e-15,0.001166666666669331,0.05,False,0.5
50,Emiliano Buendía Stati,MID,Aston Villa,a,0.0016666666666666666,8.881784197001252e-15,0.001166666666669331,0.05,False,0.5
51,Samuel Iling-Junior,MID,Aston Villa,a,0.0016666666666666666,8.881784197001252e-15,0.001166666666669331,0.05,False,0.5
52,Jacob Ramsey,MID,Aston Villa,a,0.0036111111111111105,8.881784197001252e-15,0.0025277777777804418,0.05,False,0.5
53,Donyell Malen,MID,Aston Villa,a,9.318247807747808,6.0000000000000036,8.322773465423467,0.05,False,0.5
54,John McGinn,MID,Aston Villa,a,64.55041498310771,83.0,70.08529048817539,0.05,False,0.5
55,Ross Barkley,MID,Aston Villa,d,0.0,1.2434497875801753e-14,6.994405055138487e-16,0.05,False,0.5
56,Enzo Barrenechea,MID,Aston Villa,u,0.0,1.2434497875801753e-14,0.0,0.05,False,0.5
57,Lewis Dobbin,MID,Aston Villa,a,0.0,1.2434497875801753e-14,3.730349362740526e-15,0.05,False,0.5
58,Boubacar Kamara,MID,Aston Villa,a,66.30269384313658,90.0,73.4118856901956,0.05,False,0.5
59,Amadou Onana,MID,Aston Villa,a,66.51601418945693,90.0,73.56120993261985,0.05,False,0.5
60,Ben Broggio,MID,Aston Villa,a,0.0,1.4210854715202004e-14,4.263256414560601e-15,0.05,False,0.5
61,Leander Dendoncker,MID,Aston Villa,a,0.0,1.4210854715202004e-14,4.263256414560601e-15,0.05,False,0.5
62,Jamaldeen Jimoh-Aloba,MID,Aston Villa,a,0.0,1.4210854715202004e-14,4.263256414560601e-15,0.05,False,0.5
63,Kadan Young,MID,Aston Villa,a,0.0074444444444444445,1.4210854715202004e-14,0.005211111111115374,0.05,False,0.5
64,Ollie Watkins,FWD,Aston Villa,a,65.64084842466613,90.00000000000003,72.9485938972663,0.05,False,0.5
65,Zépiqueno Redmond,FWD,Aston Villa,a,0.0643632756132756,1.7763568394002505e-15,0.04505429292929345,0.05,False,0.5
677,Evann Guessand,MID,Aston Villa,a,0.05738095238095238,2.842170943040401e-14,0.04016666666667519,0.05,False,0.5
183,Max Weiß,GKP,Burnley,a,0.0,3.730349362740526e-14,1.1191048088221578e-14,0.15,False,1.5
184,Etienne Green,GKP,Burnley,a,0.0,3.907985046680551e-14,1.1723955140041652e-14,0.15,False,1.5
185,Václav Hladký,GKP,Burnley,a,0.0,3.907985046680551e-14,1.1723955140041652e-14,0.15,False,1.5
186,Connor Roberts,DEF,Burnley,a,0.0,4.973799150320701e-14,1.4921397450962105e-14,0.15,False,1.5
187,Kyle Walker,DEF,Burnley,a,12.814058053058048,13.000000000000037,12.869840637140644,0.15,False,1.5
188,Hannes Delcroix,DEF,Burnley,a,0.0,5.3290705182007514e-14,1.5987211554602254e-14,0.15,False,1.5
189,Owen Dodgson,DEF,Burnley,u,0.0,5.1514348342607263e-14,0.0,0.15,False,1.5
190,Hjalmar Ekdal,DEF,Burnley,a,11.871558053058052,16.000000000000036,13.110090637140647,0.15,False,1.5
191,Maxime Estève,DEF,Burnley,a,22.944157259407255,37.000000000000036,27.160910081585087,0.15,False,1.5
192,Quilindschy Hartman,DEF,Burnley,a,11.871558053058052,13.000000000000037,12.210090637140647,0.15,False,1.5
193,Bashir Humphreys,DEF,Burnley,d,0.0,5.1514348342607263e-14,2.8976820942716583e-15,0.15,False,1.5
194,Jordan Beyer,DEF,Burnley,a,0.0,5.1514348342607263e-14,1.5454304502782178e-14,0.15,False,1.5
195,Lucas Pires Silva,DEF,Burnley,a,0.0,5.1514348342607263e-14,1.5454304502782178e-14,0.15,False,1.5
196,Shurandy Sambo,DEF,Burnley,a,0.0,5.1514348342607263e-14,1.5454304502782178e-14,0.15,False,1.5
197,Oliver Sonne,DEF,Burnley,a,12.77266916416916,19.000000000000036,14.640868414918423,0.15,False,1.5
198,Axel Tuanzebe,DEF,Burnley,a,0.02375,5.3290705182007514e-14,0.016625000000015985,0.15,False,1.5
199,Joe Worrall,DEF,Burnley,a,0.0,5.3290705182007514e-14,1.5987211554602254e-14,0.15,False,1.5
200,Jaidon Anthony,MID,Burnley,a,12.814058053058048,13.000000000000025,12.86984063714064,0.15,False,1.5
201,Manuel Benson Hedilazio,MID,Burnley,a,0.0,3.375077994860476e-14,1.0125233984581428e-14,0.15,False,1.5
202,Jacob Bruun Larsen,MID,Burnley,a,0.0,3.375077994860476e-14,1.0125233984581428e-14,0.15,False,1.5
203,Enock Agyei,MID,Burnley,a,0.0,3.552713678800501e-14,1.0658141036401503e-14,0.15,False,1.5
204,Darko Churlinov,MID,Burnley,a,0.0,3.552713678800501e-14,1.0658141036401503e-14,0.15,False,1.5
205,Josh Cullen,MID,Burnley,a,12.814058053058048,13.000000000000025,12.86984063714064,0.15,False,1.5
206,Marcus Edwards,MID,Burnley,a,0.0,3.552713678800501e-14,1.0658141036401503e-14,0.15,False,1.5
207,Hannibal Mejbri,MID,Burnley,a,19.924873900609192,26.00000000000003,21.747411730426442,0.15,False,1.5
208,Luca Koleosho,MID,Burnley,a,0.0,3.552713678800501e-14,1.0658141036401503e-14,0.15,False,1.5
209,Josh Laurent,MID,Burnley,a,12.814058053058048,13.000000000000025,12.86984063714064,0.15,False,1.5
210,Loum Tchaouna,MID,Burnley,a,0.0,3.552713678800501e-14,1.0658141036401503e-14,0.15,False,1.5
211,Aaron Ramsey,MID,Burnley,a,0.03,3.907985046680551e-14,0.02100000000001172,0.15,False,1.5
212,Oluwaseun Adewumi,MID,Burnley,u,0.0,3.730349362740526e-14,0.0,0.15,False,1.5
213,Jaydon Banel,MID,Burnley,a,0.0,3.730349362740526e-14,1.1191048088221578e-14,0.15,False,1.5
214,Mike Trésor Ndayishimiye,MID,Burnley,a,0.0,3.730349362740526e-14,1.1191048088221578e-14,0.15,False,1.5
215,Zian Flemming,FWD,Burnley,a,0.008984126984126985,2.1316282072803006e-14,0.006288888888895284,0.15,False,1.5
216,Zeki Amdouni,FWD,Burnley,i,0.007984126984126984,2.3092638912203256e-14,0.0,0.15,False,1.5
217,Lyle Foster,FWD,Burnley,a,1.4965277777777777,1.4210854715202004e-14,1.0475694444444485,0.15,False,1.5
218,Ashley Barnes,FWD,Burnley,a,0.02375,2.4868995751603507e-14,0.016625000000007457,0.15,False,1.5
219,Michael Obafemi,FWD,Burnley,a,0.0,2.4868995751603507e-14,7.460698725481052e-15,0.15,False,1.5
470,Martin Dúbravka,GKP,Burnley,a,0.5840277777777778,3.019806626980426e-14,0.4088194444444535,0.15,False,1.5
676,Lesley Ugochukwu,MID,Burnley,a,0.0,3.552713678800501e-14,1.0658141036401503e-14,0.15,False,1.5
680,Armando Broja,FWD,Burnley,a,0.0,2.1316282072803006e-14,6.394884621840901e-15,0.15,False,1.5
66,Norberto Murara Neto,GKP,Bournemouth,u,0.0,-1.2434497875801753e-14,0.0,0.05,False,1.0
67,Đorđe Petrović,GKP,Bournemouth,a,1.564027777777778,-2.3092638912203256e-14,1.0948194444444377,0.05,False,1.0
68,Will Dennis,GKP,Bournemouth,a,0.0,-8.881784197001252e-15,0.0,0.05,False,1.0
69,Callan McKenna,GKP,Bournemouth,a,0.0,-8.881784197001252e-15,0.0,0.05,False,1.0
70,Alex Paulsen,GKP,Bournemouth,a,0.0,-8.881784197001252e-15,0.0,0.05,False,1.0
71,Illia Zabarnyi,DEF,Bournemouth,u,0.0,-1.7763568394002505e-15,0.0,0.05,False,1.0
72,Marcos Senesi Barón,DEF,Bournemouth,a,1.4965277777777777,-8.881784197001252e-15,1.0475694444444417,0.05,False,1.0
73,Adam Smith,DEF,Bournemouth,a,1.4965277777777777,-1.2434497875801753e-14,1.0475694444444406,0.05,False,1.0
74,Adrien Truffert,DEF,Bournemouth,a,0.0,-1.7763568394002505e-15,0.0,0.05,False,1.0
75,Matai Akinmboni,DEF,Bournemouth,a,0.0,5.329070518200751e-15,1.5987211554602253e-15,0.05,False,1.0
76,Owen Bevan,DEF,Bournemouth,a,0.0,3.552713678800501e-15,1.0658141036401502e-15,0.05,False,1.0
77,James Hill,DEF,Bournemouth,a,0.5540277777777778,-1.0658141036401503e-14,0.3878194444444412,0.05,False,1.0
78,Julián Araujo Zúñiga,DEF,Bournemouth,a,0.0,5.329070518200751e-15,1.5987211554602253e-15,0.05,False,1.0
79,Chris Mepham,DEF,Bournemouth,a,0.0,3.552713678800501e-15,1.0658141036401502e-15,0.05,False,1.0
80,Julio Soler Barreto,DEF,Bournemouth,a,0.0,5.329070518200751e-15,1.5987211554602253e-15,0.05,False,1.0
81,Justin Kluivert,MID,Bournemouth,i,0.0,1.7763568394002505e-15,0.0,0.05,False,1.0
82,Antoine Semenyo,MID,Bournemouth,a,1.4965277777777777,1.5987211554602254e-14,1.0475694444444492,0.05,False,1.0
83,Dango Ouattara,MID,Bournemouth,d,0.0,-1.5987211554602254e-14,0.0,0.05,False,1.0
84,Marcus Tavernier,MID,Bournemouth,a,1.4965277777777777,-1.9539925233402755e-14,1.0475694444444386,0.05,False,1.0
85,Tyler Adams,MID,Bournemouth,a,1.4965277777777777,-2.1316282072803006e-14,1.047569444444438,0.05,False,1.0
86,David Brooks,MID,Bournemouth,a,1.4965277777777777,-1.9539925233402755e-14,1.0475694444444386,0.05,False,1.0
87,Ryan Christie,MID,Bournemouth,i,0.0,-1.4210854715202004e-14,0.0,0.05,False,1.0
88,Lewis Cook,MID,Bournemouth,s,0.0,-1.4210854715202004e-14,0.0,0.05,False,1.0
89,Philip Billing,MID,Bournemouth,a,0.0,-1.4210854715202004e-14,0.0,0.05,False,1.0
90,Alex Scott,MID,Bournemouth,a,1.4965277777777777,-2.3092638912203256e-14,1.0475694444444374,0.05,False,1.0
91,Luis Sinisterra Lucumí,MID,Bournemouth,d,0.0,-1.4210854715202004e-14,0.0,0.05,False,1.0
92,Romain Faivre,MID,Bournemouth,a,0.0,-1.2434497875801753e-14,0.0,0.05,False,1.0
93,Hamed Traorè,MID,Bournemouth,a,1.4965277777777777,-2.4868995751603507e-14,1.0475694444444368,0.05,False,1.0
94,Dominic Sadi,MID,Bournemouth,a,0.0,-1.2434497875801753e-14,0.0,0.05,False,1.0
95,Zain Silcott-Duberry,MID,Bournemouth,a,0.0,-1.2434497875801753e-14,0.0,0.05,False,1.0
96,Ben Winterburn,MID,Bournemouth,a,1.4965277777777777,-2.4868995751603507e-14,1.0475694444444368,0.05,False,1.0
97,Francisco Evanilson de Lima Barbosa,FWD,Bournemouth,a,1.4965277777777777,-1.4210854715202004e-14,1.0475694444444401,0.05,False,1.0
98,Enes Ünal,FWD,Bournemouth,i,0.007984126984126984,-2.842170943040401e-14,0.0,0.05,False,1.0
99,Daniel Adu-Adjei,FWD,Bournemouth,a,0.0,-2.4868995751603507e-14,0.0,0.05,False,1.0
100,Eli Junior Kroupi,FWD,Bournemouth,a,1.4965277777777777,-3.730349362740526e-14,1.0475694444444332,0.05,False,1.0
685,Bafodé Diakité,DEF,Bournemouth,a,0.0,-3.552713678800501e-15,0.0,0.05,False,1.0
687,Remy Rees-Dottin,MID,Bournemouth,a,0.0,-1.2434497875801753e-14,0.0,0.05,False,1.0
101,Caoimhín Kelleher,GKP,Brentford,d,0.03,3.907985046680551e-14,0.011812500000006594,0.15,False,1.5
102,Ellery Balcombe,GKP,Brentford,a,0.0,3.907985046680551e-14,1.1723955140041652e-14,0.15,False,1.5
103,Matthew Cox,GKP,Brentford,a,0.0,3.907985046680551e-14,1.1723955140041652e-14,0.15,False,1.5
104,Julian Eyestone,GKP,Brentford,a,0.0,3.907985046680551e-14,1.1723955140041652e-14,0.15,False,1.5
105,Hákon Rafn Valdimarsson,GKP,Brentford,a,0.0,3.907985046680551e-14,1.1723955140041652e-14,0.15,False,1.5
106,Nathan Collins,DEF,Brentford,a,0.0,4.973799150320701e-14,1.4921397450962105e-14,0.15,False,1.5
107,Keane Lewis-Potter,DEF,Brentford,a,0.0,4.973799150320701e-14,1.4921397450962105e-14,0.15,False,1.5
108,Kristoffer Ajer,DEF,Brentford,a,0.0,4.973799150320701e-14,1.4921397450962105e-14,0.15,False,1.5
109,Rico Henry,DEF,Brentford,a,0.0,4.973799150320701e-14,1.4921397450962105e-14,0.15,False,1.5
110,Michael Kayode,DEF,Brentford,a,0.0,4.973799150320701e-14,1.4921397450962105e-14,0.15,False,1.5
111,Ethan Pinnock,DEF,Brentford,a,0.0,4.973799150320701e-14,1.4921397450962105e-14,0.15,False,1.5
112,Mads Roerslev Rasmussen,DEF,Brentford,a,0.0,4.973799150320701e-14,1.4921397450962105e-14,0.15,False,1.5
113,Sepp van den Berg,DEF,Brentford,a,0.0,5.1514348342607263e-14,1.5454304502782178e-14,0.15,False,1.5
114,Benjamin Arthur,DEF,Brentford,a,0.0,5.3290705182007514e-14,1.5987211554602254e-14,0.15,False,1.5
115,Benjamin Fredrick,DEF,Brentford,a,0.0,5.1514348342607263e-14,1.5454304502782178e-14,0.15,False,1.5
116,Aaron Hickey,DEF,Brentford,a,0.0,5.3290705182007514e-14,1.5987211554602254e-14,0.15,False,1.5
117,Kim Ji-soo,DEF,Brentford,a,0.0,5.1514348342607263e-14,1.5454304502782178e-14,0.15,False,1.5
118,Jayden Meghoma,DEF,Brentford,a,0.0,5.1514348342607263e-14,1.5454304502782178e-14,0.15,False,1.5
120,Kevin Schade,MID,Brentford,d,0.0,4.973799150320701e-14,8.393286066166184e-15,0.15,False,1.5
121,Mikkel Damsgaard,MID,Brentford,a,0.0,3.375077994860476e-14,1.0125233984581428e-14,0.15,False,1.5
122,Antoni Milambo,MID,Brentford,a,0.0,3.375077994860476e-14,1.0125233984581428e-14,0.15,False,1.5
123,Fábio Freitas Gouveia Carvalho,MID,Brentford,a,0.0,3.552713678800501e-14,1.0658141036401503e-14,0.15,False,1.5
124,Jordan Henderson,MID,Brentford,a,0.0,3.552713678800501e-14,1.0658141036401503e-14,0.15,False,1.5
125,Vitaly Janelt,MID,Brentford,i,0.0,3.552713678800501e-14,0.0,0.15,False,1.5
126,Mathias Jensen,MID,Brentford,a,0.0,3.552713678800501e-14,1.0658141036401503e-14,0.15,False,1.5
127,Gustavo Nunes Fernandes Gomes,MID,Brentford,i,0.0,3.730349362740526e-14,0.0,0.15,False,1.5
128,Frank Onyeka,MID,Brentford,a,0.0,3.730349362740526e-14,1.1191048088221578e-14,0.15,False,1.5
129,Yehor Yarmoliuk,MID,Brentford,a,0.0,3.552713678800501e-14,1.0658141036401503e-14,0.15,False,1.5
130,Romelle Donovan,MID,Brentford,a,0.0,3.730349362740526e-14,1.1191048088221578e-14,0.15,False,1.5
131,Yunus Emre Konak,MID,Brentford,a,0.0,3.730349362740526e-14,1.1191048088221578e-14,0.15,False,1.5
132,Paris Maghoma,MID,Brentford,i,0.0,3.730349362740526e-14,0.0,0.15,False,1.5
133,Myles Peart-Harris,MID,Brentford,a,0.0,3.730349362740526e-14,1.1191048088221578e-14,0.15,False,1.5
134,Ryan Trevitt,MID,Brentford,u,0.0,3.730349362740526e-14,0.0,0.15,False,1.5
135,Yoane Wissa,FWD,Brentford,n,0.02375,3.552713678800501e-14,0.0,0.15,False,1.5
136,Igor Thiago Nascimento Rodrigues,FWD,Brentford,a,0.0,2.1316282072803006e-14,6.394884621840901e-15,0.15,False,1.5
137,Iwan Morgan,FWD,Brentford,a,0.0,2.4868995751603507e-14,7.460698725481052e-15,0.15,False,1.5
138,Jason Steele,GKP,Brighton,a,0.0,2.6645352591003757e-14,7.993605777301127e-15,0.05,False,1.0
139,Bart Verbruggen,GKP,Brighton,a,1.526527777777778,1.7763568394002505e-14,1.0685694444444498,0.05,False,1.0
140,Tom McGill,GKP,Brighton,a,0.0,2.842170943040401e-14,8.526512829121202e-15,0.05,False,1.0
141,Carl Rushworth,GKP,Brighton,u,0.0,2.842170943040401e-14,0.0,0.05,False,1.0
142,Kjell Scherpen,GKP,Brighton,u,0.0,2.842170943040401e-14,0.0,0.05,False,1.0
143,Olivier Boscagli,DEF,Brighton,a,0.0,3.907985046680551e-14,1.1723955140041652e-14,0.05,False,1.0
144,Diego Coppola,DEF,Brighton,a,0.0,3.907985046680551e-14,1.1723955140041652e-14,0.05,False,1.0
145,Maxim De Cuyper,DEF,Brighton,a,1.526527777777778,3.019806626980426e-14,1.0685694444444536,0.05,False,1.0
146,Lewis Dunk,DEF,Brighton,a,1.4965277777777777,3.019806626980426e-14,1.0475694444444534,0.05,False,1.0
147,Pervis Estupiñán Tenorio,DEF,Brighton,u,0.0,3.907985046680551e-14,0.0,0.05,False,1.0
148,Ferdi Kadıoğlu,DEF,Brighton,a,0.0,3.907985046680551e-14,1.1723955140041652e-14,0.05,False,1.0
149,Igor Julio dos Santos de Paulo,DEF,Brighton,a,0.0,3.907985046680551e-14,1.1723955140041652e-14,0.05,False,1.0
150,Tariq Lamptey,DEF,Brighton,a,0.0,4.085620730620576e-14,1.2256862191861727e-14,0.05,False,1.0
151,Jan Paul van Hecke,DEF,Brighton,a,1.4965277777777777,3.019806626980426e-14,1.0475694444444534,0.05,False,1.0
152,Joël Veltman,DEF,Brighton,a,0.0,4.085620730620576e-14,1.2256862191861727e-14,0.05,False,1.0
153,Adam Webster,DEF,Brighton,i,0.0,3.907985046680551e-14,0.0,0.05,False,1.0
154,Eiran Cashin,DEF,Brighton,u,0.0,4.085620730620576e-14,0.0,0.05,False,1.0
155,Jacob Slater,DEF,Brighton,a,0.0,4.085620730620576e-14,1.2256862191861727e-14,0.05,False,1.0
156,Charlie Tasker,DEF,Brighton,a,0.0,4.085620730620576e-14,1.2256862191861727e-14,0.05,False,1.0
157,Mitoma Kaoru,MID,Brighton,a,1.5522420634920635,3.907985046680551e-14,1.0865694444444562,0.05,False,1.0
158,Georginio Rutter,MID,Brighton,a,1.4965277777777777,1.5987211554602254e-14,1.0475694444444492,0.05,False,1.0
159,Solly March,MID,Brighton,i,0.0,2.1316282072803006e-14,0.0,0.05,False,1.0
160,Yankuba Minteh,MID,Brighton,a,1.4965277777777777,1.5987211554602254e-14,1.0475694444444492,0.05,False,1.0
161,Julio Enciso Espínola,MID,Brighton,i,0.0,2.1316282072803006e-14,0.0,0.05,False,1.0
162,Brajan Gruda,MID,Brighton,a,0.0,2.1316282072803006e-14,6.394884621840901e-15,0.05,False,1.0
163,Jack Hinshelwood,MID,Brighton,a,0.0,2.1316282072803006e-14,6.394884621840901e-15,0.05,False,1.0
164,Matt O'Riley,MID,Brighton,a,1.4965277777777777,1.5987211554602254e-14,1.0475694444444492,0.05,False,1.0
165,Abdallah Sima,MID,Brighton,a,0.0,2.1316282072803006e-14,6.394884621840901e-15,0.05,False,1.0
166,Yasin Ayari,MID,Brighton,a,1.4965277777777777,1.5987211554602254e-14,1.0475694444444492,0.05,False,1.0
167,Carlos Baleba,MID,Brighton,a,1.526527777777778,1.7763568394002505e-14,1.0685694444444498,0.05,False,1.0
168,Facundo Buonanotte,MID,Brighton,a,0.0,2.3092638912203256e-14,6.927791673660977e-15,0.05,False,1.0
169,Diego Gómez Amarilla,MID,Brighton,a,0.0,2.3092638912203256e-14,6.927791673660977e-15,0.05,False,1.0
170,James Milner,MID,Brighton,a,0.0,2.3092638912203256e-14,6.927791673660977e-15,0.05,False,1.0
171,Jeremy Sarmiento Morante,MID,Brighton,a,0.0,2.3092638912203256e-14,6.927791673660977e-15,0.05,False,1.0
172,Tom Watson,MID,Brighton,a,0.0,2.3092638912203256e-14,6.927791673660977e-15,0.05,False,1.0
173,Mats Wieffer,MID,Brighton,a,1.4965277777777777,1.5987211554602254e-14,1.0475694444444492,0.05,False,1.0
174,Malick Yalcouyé,MID,Brighton,u,0.0,2.3092638912203256e-14,0.0,0.05,False,1.0
175,Joe Knight,MID,Brighton,a,0.0,2.6645352591003757e-14,7.993605777301127e-15,0.05,False,1.0
176,Adrian Mazilu,MID,Brighton,a,0.0,2.6645352591003757e-14,7.993605777301127e-15,0.05,False,1.0
177,Andrew Moran,MID,Brighton,a,0.0,2.6645352591003757e-14,7.993605777301127e-15,0.05,False,1.0
178,Danny Welbeck,FWD,Brighton,a,0.05571428571428571,2.842170943040401e-14,0.03900000000000852,0.05,False,1.0
179,Evan Ferguson,FWD,Brighton,u,0.007984126984126984,8.881784197001252e-15,0.0,0.05,False,1.0
180,Stefanos Tzimas,FWD,Brighton,a,0.007984126984126984,8.881784197001252e-15,0.0055888888888915534,0.05,False,1.0
181,Charalampos Kostoulas,FWD,Brighton,a,0.0,1.0658141036401503e-14,3.1974423109204505e-15,0.05,False,1.0
220,Robert Lynch Sánchez,GKP,Chelsea,a,0.03,3.730349362740526e-14,0.02100000000001119,0.15,False,1.0
221,Filip Jörgensen,GKP,Chelsea,a,0.0,3.730349362740526e-14,1.1191048088221578e-14,0.15,False,1.0
222,Mike Penders,GKP,Chelsea,u,0.0,3.907985046680551e-14,0.0,0.15,False,1.0
223,Gabriel Słonina,GKP,Chelsea,a,0.0,3.907985046680551e-14,1.1723955140041652e-14,0.15,False,1.0
224,Marc Cucurella Saseta,DEF,Chelsea,a,0.0,4.618527782440651e-14,1.3855583347321953e-14,0.15,False,1.0
225,Reece James,DEF,Chelsea,a,0.0,4.796163466380676e-14,1.4388490399142028e-14,0.15,False,1.0
226,Trevoh Chalobah,DEF,Chelsea,a,0.0,4.973799150320701e-14,1.4921397450962105e-14,0.15,False,1.0
227,Levi Samuels Colwill,DEF,Chelsea,i,0.0,4.973799150320701e-14,0.0,0.15,False,1.0
228,Malo Gusto,DEF,Chelsea,a,0.0,4.973799150320701e-14,1.4921397450962105e-14,0.15,False,1.0
229,Benoît Badiashile Mukinayi,DEF,Chelsea,i,0.0,4.973799150320701e-14,0.0,0.15,False,1.0
230,Wesley Fofana,DEF,Chelsea,d,0.0,4.973799150320701e-14,8.393286066166184e-15,0.15,False,1.0
231,Mamadou Sarr,DEF,Chelsea,u,0.0,4.973799150320701e-14,0.0,0.15,False,1.0
232,Tosin Adarabioyo,DEF,Chelsea,a,0.0,5.1514348342607263e-14,1.5454304502782178e-14,0.15,False,1.0
233,Josh Acheampong,DEF,Chelsea,a,0.0,5.3290705182007514e-14,1.5987211554602254e-14,0.15,False,1.0
234,Aarón Anselmino,DEF,Chelsea,a,0.0,5.1514348342607263e-14,1.5454304502782178e-14,0.15,False,1.0
235,Cole Palmer,MID,Chelsea,a,0.00857142857142857,7.993605777301127e-14,0.006000000000023979,0.15,False,1.0
236,Pedro Lomba Neto,MID,Chelsea,a,0.026071428571428572,4.973799150320701e-14,0.01825000000001492,0.15,False,1.0
237,Enzo Fernández,MID,Chelsea,a,0.08321428571428571,5.1514348342607263e-14,0.05825000000001545,0.15,False,1.0
238,Estêvão Almeida de Oliveira Gonçalves,MID,Chelsea,a,0.05571428571428571,5.1514348342607263e-14,0.039000000000015446,0.15,False,1.0
239,Jamie Bynoe-Gittens,MID,Chelsea,a,0.03857142857142857,5.1514348342607263e-14,0.02700000000001545,0.15,False,1.0
240,Christopher Nkunku,MID,Chelsea,a,0.0,3.197442310920451e-14,9.592326932761352e-15,0.15,False,1.0
241,Moisés Caicedo Corozo,MID,Chelsea,a,0.0,3.552713678800501e-14,1.0658141036401503e-14,0.15,False,1.0
243,Tyrique George,MID,Chelsea,a,0.0,3.552713678800501e-14,1.0658141036401503e-14,0.15,False,1.0
244,Roméo Lavia,MID,Chelsea,i,0.0,3.552713678800501e-14,0.0,0.15,False,1.0
245,Mykhailo Mudryk,MID,Chelsea,s,0.0,3.552713678800501e-14,0.0,0.15,False,1.0
246,Andrey Nascimento dos Santos,MID,Chelsea,a,0.0,3.730349362740526e-14,1.1191048088221578e-14,0.15,False,1.0
247,Dário Luís Essugo,MID,Chelsea,a,0.0,3.730349362740526e-14,1.1191048088221578e-14,0.15,False,1.0
248,Kendry Páez Andrade,MID,Chelsea,u,0.0,3.730349362740526e-14,0.0,0.15,False,1.0
249,João Pedro Junqueira de Jesus,FWD,Chelsea,a,0.00857142857142857,3.730349362740526e-14,0.006000000000011189,0.15,False,1.0
250,Liam Delap,FWD,Chelsea,a,0.07321428571428572,3.907985046680551e-14,0.051250000000011724,0.15,False,1.0
251,Nicolas Jackson,FWD,Chelsea,s,0.04655555555555555,3.730349362740526e-14,0.0,0.15,False,1.0
672,Jorrel Hato,DEF,Chelsea,a,0.0,4.796163466380676e-14,1.4388490399142028e-14,0.15,False,1.0
253,Dean Henderson,GKP,Crystal Palace,a,0.03,-1.4210854715202004e-14,0.020999999999995734,0.05,False,1.0
254,Walter Benítez,GKP,Crystal Palace,a,0.0,-8.881784197001252e-15,0.0,0.05,False,1.0
255,Remi Matthews,GKP,Crystal Palace,a,0.0,-8.881784197001252e-15,0.0,0.05,False,1.0
256,Daniel Muñoz Mejía,DEF,Crystal Palace,a,0.0,-1.7763568394002505e-15,0.0,0.05,False,1.0
257,Maxence Lacroix,DEF,Crystal Palace,a,0.0,0.0,0.0,0.05,False,1.0
258,Tyrick Mitchell,DEF,Crystal Palace,a,0.0,0.0,0.0,0.05,False,1.0
259,Borna Sosa,DEF,Crystal Palace,a,0.0,-1.7763568394002505e-15,0.0,0.05,False,1.0
260,Marc Guéhi,DEF,Crystal Palace,a,0.03,1.7763568394002505e-15,0.021000000000000532,0.05,False,1.0
261,Chris Richards,DEF,Crystal Palace,a,0.0,1.7763568394002505e-15,5.329070518200751e-16,0.05,False,1.0
262,Chadi Riad Dnanou,DEF,Crystal Palace,i,0.0,3.552713678800501e-15,0.0,0.05,False,1.0
263,Nathaniel Clyne,DEF,Crystal Palace,a,0.0,5.329070518200751e-15,1.5987211554602253e-15,0.05,False,1.0
264,Rob Holding,DEF,Crystal Palace,u,0.0,3.552713678800501e-15,0.0,0.05,False,1.0
265,Caleb Kporha,DEF,Crystal Palace,i,0.0,3.552713678800501e-15,0.0,0.05,False,1.0
266,Eberechi Eze,MID,Crystal Palace,a,0.0,-1.7763568394002505e-15,0.0,0.05,False,1.0
267,Ismaïla Sarr,MID,Crystal Palace,a,0.01714285714285714,3.552713678800501e-15,0.012000000000001062,0.05,False,1.0
268,Cheick Doucouré,MID,Crystal Palace,i,0.0,-1.4210854715202004e-14,0.0,0.05,False,1.0
269,Romain Esse,MID,Crystal Palace,a,0.0,-1.4210854715202004e-14,0.0,0.05,False,1.0
270,Will Hughes,MID,Crystal Palace,a,0.0,-1.4210854715202004e-14,0.0,0.05,False,1.0
271,Daichi Kamada,MID,Crystal Palace,i,0.0,-1.4210854715202004e-14,0.0,0.05,False,1.0
272,Jefferson Lerma Solís,MID,Crystal Palace,a,0.0,-1.4210854715202004e-14,0.0,0.05,False,1.0
273,Adam Wharton,MID,Crystal Palace,a,0.0,-1.4210854715202004e-14,0.0,0.05,False,1.0
274,Asher Agbinone,MID,Crystal Palace,a,0.0,-1.2434497875801753e-14,0.0,0.05,False,1.0
275,Naouirou Ahamada,MID,Crystal Palace,a,0.0,-1.2434497875801753e-14,0.0,0.05,False,1.0
276,Justin Devenny,MID,Crystal Palace,a,0.0,-1.2434497875801753e-14,0.0,0.05,False,1.0
277,Malcolm Ebiowei,MID,Crystal Palace,u,0.0,-1.2434497875801753e-14,0.0,0.05,False,1.0
278,Jesurun Rak-Sakyi,MID,Crystal Palace,a,0.0,-1.2434497875801753e-14,0.0,0.05,False,1.0
279,Matheus França de Oliveira,MID,Crystal Palace,i,0.0,-1.2434497875801753e-14,0.0,0.05,False,1.0
280,David Ozoh,MID,Crystal Palace,u,0.0,-1.2434497875801753e-14,0.0,0.05,False,1.0
281,Kaden Rodney,MID,Crystal Palace,a,0.0,-1.2434497875801753e-14,0.0,0.05,False,1.0
282,Franco Umeh-Chibueze,MID,Crystal Palace,a,0.0,-1.2434497875801753e-14,0.0,0.05,False,1.0
283,Jean-Philippe Mateta,FWD,Crystal Palace,a,0.0,-1.4210854715202004e-14,0.0,0.05,False,1.0
284,Eddie Nketiah,FWD,Crystal Palace,i,0.0,-2.842170943040401e-14,0.0,0.05,False,1.0
285,Odsonne Édouard,FWD,Crystal Palace,a,0.0,-2.6645352591003757e-14,0.0,0.05,False,1.0
286,Zach Marsh,FWD,Crystal Palace,a,0.0,-2.4868995751603507e-14,0.0,0.05,False,1.0
242,Kiernan Dewsbury-Hall,MID,Everton,a,0.03,7.638334409421077e-14,0.021000000000022914,0.25,False,1.5
287,Jordan Pickford,GKP,Everton,a,0.0,7.460698725481052e-14,2.2382096176443155e-14,0.25,False,1.5
288,Mark Travers,GKP,Everton,a,0.0,7.638334409421077e-14,2.2915003228263232e-14,0.25,False,1.5
289,Harry Tyrer,GKP,Everton,a,0.0,7.815970093361102e-14,2.3447910280083305e-14,0.25,False,1.5
290,Jarrad Branthwaite,DEF,Everton,i,0.0,8.704148513061227e-14,0.0,0.25,False,1.5
291,James Tarkowski,DEF,Everton,a,0.0,8.704148513061227e-14,2.611244553918368e-14,0.25,False,1.5
292,Vitalii Mykolenko,DEF,Everton,d,0.0,8.881784197001252e-14,1.4988010832439613e-14,0.25,False,1.5
293,Jake O'Brien,DEF,Everton,a,0.0,8.881784197001252e-14,2.6645352591003757e-14,0.25,False,1.5
294,Séamus Coleman,DEF,Everton,a,0.0,8.881784197001252e-14,2.6645352591003757e-14,0.25,False,1.5
295,Michael Keane,DEF,Everton,a,0.0,9.059419880941277e-14,2.717825964282383e-14,0.25,False,1.5
296,Nathan Patterson,DEF,Everton,d,0.0,8.881784197001252e-14,1.4988010832439613e-14,0.25,False,1.5
297,Roman Dixon,DEF,Everton,a,0.0,9.059419880941277e-14,2.717825964282383e-14,0.25,False,1.5
298,Reece Welch,DEF,Everton,a,0.0,9.059419880941277e-14,2.717825964282383e-14,0.25,False,1.5
299,Iliman Ndiaye,MID,Everton,a,0.01714285714285714,9.237055564881302e-14,0.012000000000027707,0.25,False,1.5
300,Dwight McNeil,MID,Everton,a,0.0,7.283063041541027e-14,2.184918912462308e-14,0.25,False,1.5
301,Carlos Alcaraz Durán,MID,Everton,a,0.0,7.283063041541027e-14,2.184918912462308e-14,0.25,False,1.5
302,Idrissa Gana Gueye,MID,Everton,a,0.0,7.283063041541027e-14,2.184918912462308e-14,0.25,False,1.5
303,James Garner,MID,Everton,a,0.0,7.460698725481052e-14,2.2382096176443155e-14,0.25,False,1.5
304,Tim Iroegbunam,MID,Everton,a,0.0,7.460698725481052e-14,2.2382096176443155e-14,0.25,False,1.5
305,Harrison Armstrong,MID,Everton,d,0.0,7.638334409421077e-14,1.2889689315898068e-14,0.25,False,1.5
306,Callum Bates,MID,Everton,a,0.0,7.638334409421077e-14,2.2915003228263232e-14,0.25,False,1.5
307,Coby Ebere,MID,Everton,a,0.0,7.638334409421077e-14,2.2915003228263232e-14,0.25,False,1.5
308,Isaac Heath,MID,Everton,a,0.0,7.638334409421077e-14,2.2915003228263232e-14,0.25,False,1.5
309,Jenson Metcalfe,MID,Everton,u,0.0,7.638334409421077e-14,0.0,0.25,False,1.5
310,Thierno Barry,FWD,Everton,a,0.0,6.039613253960852e-14,1.8118839761882553e-14,0.25,False,1.5
311,Norberto Bercique Gomes Betuncal,FWD,Everton,a,0.0,6.217248937900877e-14,1.865174681370263e-14,0.25,False,1.5
312,Youssef Ramalho Chermiti,FWD,Everton,a,0.008984126984126985,6.217248937900877e-14,0.006288888888907541,0.25,False,1.5
313,Martin Sherif,FWD,Everton,a,0.008984126984126985,6.394884621840902e-14,0.006288888888908073,0.25,False,1.5
419,Jack Grealish,MID,Everton,a,0.03464285714285714,9.237055564881302e-14,0.024250000000027708,0.25,False,1.5
667,Adam Aznou,DEF,Everton,a,0.0,8.881784197001252e-14,2.6645352591003757e-14,0.25,False,1.5
314,Bernd Leno,GKP,Fulham,a,1.4965277777777777,-2.3092638912203256e-14,1.0475694444444374,0.05,False,1.0
315,Steven Benda,GKP,Fulham,u,0.0,-8.881784197001252e-15,0.0,0.05,False,1.0
316,Antonee Robinson,DEF,Fulham,i,0.0,0.0,0.0,0.05,False,1.0
317,Joachim Andersen,DEF,Fulham,a,1.564027777777778,-7.105427357601002e-15,1.0948194444444423,0.05,False,1.0
318,Calvin Bassey,DEF,Fulham,a,0.0,-5.329070518200751e-15,0.0,0.05,False,1.0
319,Timothy Castagne,DEF,Fulham,a,0.0,0.0,0.0,0.05,False,1.0
320,Issa Diop,DEF,Fulham,a,0.0,0.0,0.0,0.05,False,1.0
321,Jorge Cuenca Barreno,DEF,Fulham,a,1.4965277777777777,-8.881784197001252e-15,1.0475694444444417,0.05,False,1.0
322,Kenny Tete,DEF,Fulham,a,1.4965277777777777,-8.881784197001252e-15,1.0475694444444417,0.05,False,1.0
323,Samuel Amissah,DEF,Fulham,a,0.0,3.552713678800501e-15,1.0658141036401502e-15,0.05,False,1.0
324,Alex Iwobi,MID,Fulham,a,1.513670634920635,0.0,1.0595694444444443,0.05,False,1.0
325,Emile Smith Rowe,MID,Fulham,a,0.0,-1.5987211554602254e-14,0.0,0.05,False,1.0
326,Adama Traoré Diarra,MID,Fulham,a,0.0,-1.5987211554602254e-14,0.0,0.05,False,1.0
327,Andreas Hoelgebaum Pereira,MID,Fulham,a,0.0,-1.5987211554602254e-14,0.0,0.05,False,1.0
328,Ryan Sessegnon,MID,Fulham,d,0.0,-1.5987211554602254e-14,0.0,0.05,False,1.0
329,Harry Wilson,MID,Fulham,a,1.4965277777777777,-2.3092638912203256e-14,1.0475694444444374,0.05,False,1.0
330,Sander Berge,MID,Fulham,a,1.4965277777777777,-2.3092638912203256e-14,1.0475694444444374,0.05,False,1.0
331,Tom Cairney,MID,Fulham,a,0.0,-1.4210854715202004e-14,0.0,0.05,False,1.0
332,Saša Lukić,MID,Fulham,a,1.4965277777777777,-2.3092638912203256e-14,1.0475694444444374,0.05,False,1.0
333,Martial Godo,MID,Fulham,a,0.0,-1.2434497875801753e-14,0.0,0.05,False,1.0
334,Luke Harris,MID,Fulham,u,0.0,-1.2434497875801753e-14,0.0,0.05,False,1.0
335,Josh King,MID,Fulham,a,1.4965277777777777,-2.3092638912203256e-14,1.0475694444444374,0.05,False,1.0
336,Harrison Reed,MID,Fulham,a,0.0,-1.2434497875801753e-14,0.0,0.05,False,1.0
337,Raúl Jiménez Rodríguez,FWD,Fulham,a,1.513670634920635,-1.2434497875801753e-14,1.0595694444444406,0.05,False,1.0
338,Rodrigo Muniz Carvalho,FWD,Fulham,a,0.0,-2.842170943040401e-14,0.0,0.05,False,1.0
664,Benjamin Lecomte,GKP,Fulham,a,0.0,-8.881784197001252e-15,0.0,0.05,False,1.0
339,Illan Meslier,GKP,Leeds,a,0.0,1.1546319456101628e-13,3.4638958368304884e-14,0.25,False,1.5
340,Alex Cairns,GKP,Leeds,a,0.0,1.1723955140041653e-13,3.517186542012496e-14,0.25,False,1.5
341,Karl Darlow,GKP,Leeds,a,0.0675,1.1723955140041653e-13,0.047250000000035174,0.25,False,1.5
342,Jayden Bogle,DEF,Leeds,d,0.0,1.2789769243681803e-13,2.158273559871304e-14,0.25,False,1.5
343,Pascal Struijk,DEF,Leeds,a,0.0,1.2967404927621828e-13,3.890221478286548e-14,0.25,False,1.5
344,Jaka Bijol,DEF,Leeds,s,0.0,1.2967404927621828e-13,0.0,0.25,False,1.5
345,Sebastiaan Bornauw,DEF,Leeds,d,0.0,1.2967404927621828e-13,2.1882495815361832e-14,0.25,False,1.5
346,Sam Byram,DEF,Leeds,a,0.0,1.3145040611561853e-13,3.943512183468556e-14,0.25,False,1.5
347,Gabriel Gudmundsson,DEF,Leeds,a,0.09125,1.3145040611561853e-13,0.06387500000003944,0.25,False,1.5
348,Joe Rodon,DEF,Leeds,a,0.0,1.3145040611561853e-13,3.943512183468556e-14,0.25,False,1.5
349,Isaac Schmidt,DEF,Leeds,a,0.0,1.2967404927621828e-13,3.890221478286548e-14,0.25,False,1.5
350,Brenden Aaronson,MID,Leeds,a,0.0,1.1013412404281553e-13,3.3040237212844655e-14,0.25,False,1.5
351,Wilfried Gnonto,MID,Leeds,a,0.0,1.1013412404281553e-13,3.3040237212844655e-14,0.25,False,1.5
352,Jack Harrison,MID,Leeds,a,0.0,1.1013412404281553e-13,3.3040237212844655e-14,0.25,False,1.5
353,Daniel James,MID,Leeds,a,0.0,1.1013412404281553e-13,3.3040237212844655e-14,0.25,False,1.5
354,Ethan Ampadu,MID,Leeds,a,0.0,1.1191048088221578e-13,3.357314426466473e-14,0.25,False,1.5
355,Sam Greenwood,MID,Leeds,a,0.0,1.1191048088221578e-13,3.357314426466473e-14,0.25,False,1.5
356,Ilia Gruev,MID,Leeds,a,0.0,1.1191048088221578e-13,3.357314426466473e-14,0.25,False,1.5
357,Largie Ramazani,MID,Leeds,a,0.0,1.1191048088221578e-13,3.357314426466473e-14,0.25,False,1.5
358,Tanaka Ao,MID,Leeds,a,0.0,1.1191048088221578e-13,3.357314426466473e-14,0.25,False,1.5
359,Charlie Crew,MID,Leeds,u,0.0,1.1546319456101628e-13,0.0,0.25,False,1.5
360,Joe Gelhardt,MID,Leeds,u,0.0,1.1546319456101628e-13,0.0,0.25,False,1.5
361,Darko Gyabi,MID,Leeds,a,0.0,1.1546319456101628e-13,3.4638958368304884e-14,0.25,False,1.5
362,Joël Piroe,FWD,Leeds,a,0.0,9.769962616701378e-14,2.930988785010413e-14,0.25,False,1.5
363,Patrick Bamford,FWD,Leeds,a,0.0,9.947598300641403e-14,2.984279490192421e-14,0.25,False,1.5
364,Mateo Joseph Fernández-Regatillo,FWD,Leeds,u,0.007984126984126984,9.947598300641403e-14,0.0,0.25,False,1.5
365,Lukas Nmecha,FWD,Leeds,a,0.0,9.947598300641403e-14,2.984279490192421e-14,0.25,False,1.5
493,Sean Longstaff,MID,Leeds,a,0.0,1.1191048088221578e-13,3.357314426466473e-14,0.25,False,1.5
660,Anton Stach,MID,Leeds,a,0.0,1.1191048088221578e-13,3.357314426466473e-14,0.25,False,1.5
665,Lucas Estella Perri,GKP,Leeds,a,0.0,1.1546319456101628e-13,3.4638958368304884e-14,0.25,False,1.5
366,Alisson Becker,GKP,Liverpool,a,1.4965277777777777,1.9539925233402755e-14,1.04756944444445,0.05,False,1.0
367,Giorgi Mamardashvili,GKP,Liverpool,a,0.0,2.6645352591003757e-14,7.993605777301127e-15,0.05,False,1.0
368,Ármin Pécsi,GKP,Liverpool,a,0.0,2.842170943040401e-14,8.526512829121202e-15,0.05,False,1.0
369,Freddie Woodman,GKP,Liverpool,a,0.0,2.842170943040401e-14,8.526512829121202e-15,0.05,False,1.0
370,Jeremie Frimpong,DEF,Liverpool,a,1.4965277777777777,3.375077994860476e-14,1.0475694444444545,0.05,False,1.0
371,Milos Kerkez,DEF,Liverpool,a,0.0,3.197442310920451e-14,9.592326932761352e-15,0.05,False,1.0
372,Andrew Robertson,DEF,Liverpool,a,0.0,3.019806626980426e-14,9.059419880941277e-15,0.05,False,1.0
373,Virgil van Dijk,DEF,Liverpool,a,1.4965277777777777,2.842170943040401e-14,1.0475694444444528,0.05,False,1.0
374,Ibrahima Konaté,DEF,Liverpool,a,1.534027777777778,3.197442310920451e-14,1.073819444444454,0.05,False,1.0
375,Conor Bradley,DEF,Liverpool,d,0.0,3.552713678800501e-14,3.9968028886505635e-15,0.05,False,1.0
376,Joe Gomez,DEF,Liverpool,d,1.4965277777777777,2.6645352591003757e-14,0.5892578125000045,0.05,False,1.0
377,Konstantinos Tsimikas,DEF,Liverpool,a,0.0,3.552713678800501e-14,1.0658141036401503e-14,0.05,False,1.0
378,Amara Nallo,DEF,Liverpool,a,0.0,4.085620730620576e-14,1.2256862191861727e-14,0.05,False,1.0
379,Rhys Williams,DEF,Liverpool,a,0.0,4.085620730620576e-14,1.2256862191861727e-14,0.05,False,1.0
380,Calvin Ramsay,DEF,Liverpool,a,0.0,4.085620730620576e-14,1.2256862191861727e-14,0.05,False,1.0
381,Mohamed Salah,MID,Liverpool,a,1.5050992063492064,1.4210854715202004e-13,1.053569444444487,0.05,False,1.0
382,Florian Wirtz,MID,Liverpool,a,1.5050992063492064,5.861977570020827e-14,1.0535694444444619,0.05,False,1.0
383,Luis Díaz Marulanda,MID,Liverpool,u,0.00857142857142857,3.375077994860476e-14,0.0,0.05,False,1.0
384,Cody Gakpo,MID,Liverpool,a,1.5050992063492064,4.796163466380676e-14,1.0535694444444588,0.05,False,1.0
385,Federico Chiesa,MID,Liverpool,a,1.5350992063492066,3.907985046680551e-14,1.0745694444444562,0.05,False,1.0
386,Alexis Mac Allister,MID,Liverpool,a,1.5522420634920635,3.907985046680551e-14,1.0865694444444562,0.05,False,1.0
387,Dominik Szoboszlai,MID,Liverpool,a,1.5522420634920635,4.085620730620576e-14,1.0865694444444567,0.05,False,1.0
388,Curtis Jones,MID,Liverpool,a,1.4965277777777777,1.5987211554602254e-14,1.0475694444444492,0.05,False,1.0
389,Harvey Elliott,MID,Liverpool,a,0.0,2.1316282072803006e-14,6.394884621840901e-15,0.05,False,1.0
390,Ryan Gravenberch,MID,Liverpool,s,0.0,2.1316282072803006e-14,0.0,0.05,False,1.0
391,Ben Doak,MID,Liverpool,a,0.0,2.3092638912203256e-14,6.927791673660977e-15,0.05,False,1.0
392,Endo Wataru,MID,Liverpool,a,1.4965277777777777,1.4210854715202004e-14,1.0475694444444485,0.05,False,1.0
393,Stefan Bajčetić Maquieira,MID,Liverpool,a,0.0,2.6645352591003757e-14,7.993605777301127e-15,0.05,False,1.0
394,James McConnell,MID,Liverpool,a,0.0,2.6645352591003757e-14,7.993605777301127e-15,0.05,False,1.0
395,Tyler Morton,MID,Liverpool,u,0.0,2.6645352591003757e-14,0.0,0.05,False,1.0
396,Trey Nyoni,MID,Liverpool,a,0.0,2.6645352591003757e-14,7.993605777301127e-15,0.05,False,1.0
397,Darwin Núñez Ribeiro,FWD,Liverpool,u,0.04755555555555555,2.6645352591003757e-14,0.0,0.05,False,1.0
398,Jayden Danns,FWD,Liverpool,a,0.007984126984126984,1.4210854715202004e-14,0.005588888888893152,0.05,False,1.0
661,Hugo Ekitiké,FWD,Liverpool,a,1.5050992063492064,6.750155989720952e-14,1.0535694444444645,0.05,False,1.0
686,Rio Ngumoha,MID,Liverpool,a,0.0,2.6645352591003757e-14,7.993605777301127e-15,0.05,False,1.0
182,James Trafford,GKP,Man City,a,0.0,-1.4210854715202004e-14,0.0,0.05,False,1.0
399,Ederson Santana de Moraes,GKP,Man City,a,0.0375,-1.5987211554602254e-14,0.026249999999995204,0.05,False,1.0
400,Stefan Ortega Moreno,GKP,Man City,a,0.0,-1.4210854715202004e-14,0.0,0.05,False,1.0
401,Marcus Bettinelli,GKP,Man City,a,0.0,-8.881784197001252e-15,0.0,0.05,False,1.0
402,Rayan Aït-Nouri,DEF,Man City,a,0.0,-1.7763568394002505e-15,0.0,0.05,False,1.0
403,Joško Gvardiol,DEF,Man City,i,0.0,-1.7763568394002505e-15,0.0,0.05,False,1.0
404,Manuel Akanji,DEF,Man City,a,0.0,-1.7763568394002505e-15,0.0,0.05,False,1.0
405,Nathan Aké,DEF,Man City,a,0.0,-1.7763568394002505e-15,0.0,0.05,False,1.0
406,Abdukodir Khusanov,DEF,Man City,a,0.0,-1.7763568394002505e-15,0.0,0.05,False,1.0
407,Matheus Nunes,DEF,Man City,a,0.0,-1.7763568394002505e-15,0.0,0.05,False,1.0
408,Rúben dos Santos Gato Alves Dias,DEF,Man City,a,0.0375,-1.7763568394002505e-15,0.026249999999999465,0.05,False,1.0
409,John Stones,DEF,Man City,a,0.0,-1.7763568394002505e-15,0.0,0.05,False,1.0
410,Rico Lewis,DEF,Man City,a,0.0,0.0,0.0,0.05,False,1.0
411,Nico O'Reilly,DEF,Man City,a,0.0,-1.7763568394002505e-15,0.0,0.05,False,1.0
412,Vitor de Oliveira Nunes dos Reis,DEF,Man City,u,0.0,-1.7763568394002505e-15,0.0,0.05,False,1.0
413,Omar Marmoush,MID,Man City,a,0.0,1.5987211554602254e-14,4.796163466380676e-15,0.05,False,1.0
414,Phil Foden,MID,Man City,a,0.0,-3.552713678800501e-15,0.0,0.05,False,1.0
415,Sávio Moreira de Oliveira,MID,Man City,i,0.0,0.0,0.0,0.05,False,1.0
416,Bernardo Mota Veiga de Carvalho e Silva,MID,Man City,a,0.0,3.552713678800501e-15,1.0658141036401502e-15,0.05,False,1.0
417,Rayan Cherki,MID,Man City,a,0.01714285714285714,3.552713678800501e-15,0.012000000000001062,0.05,False,1.0
418,Jérémy Doku,MID,Man City,a,0.0,3.552713678800501e-15,1.0658141036401502e-15,0.05,False,1.0
420,İlkay Gündoğan,MID,Man City,a,0.0,3.552713678800501e-15,1.0658141036401502e-15,0.05,False,1.0
421,Rodrigo 'Rodri' Hernandez Cascante,MID,Man City,a,0.0,3.552713678800501e-15,1.0658141036401502e-15,0.05,False,1.0
422,Mateo Kovačić,MID,Man City,i,0.0,-1.5987211554602254e-14,0.0,0.05,False,1.0
423,Nico González Iglesias,MID,Man City,a,0.0,-1.5987211554602254e-14,0.0,0.05,False,1.0
424,Oscar Bobb,MID,Man City,a,0.0,-1.5987211554602254e-14,0.0,0.05,False,1.0
425,Claudio Echeverri,MID,Man City,a,0.0,-1.5987211554602254e-14,0.0,0.05,False,1.0
426,James McAtee,MID,Man City,a,0.0,-1.5987211554602254e-14,0.0,0.05,False,1.0
427,Tijjani Reijnders,MID,Man City,a,0.0,-1.4210854715202004e-14,0.0,0.05,False,1.0
428,Sverre Nypan,MID,Man City,a,0.0,-1.4210854715202004e-14,0.0,0.05,False,1.0
429,Kalvin Phillips,MID,Man City,a,0.0,-1.4210854715202004e-14,0.0,0.05,False,1.0
430,Erling Haaland,FWD,Man City,a,0.0,2.4868995751603507e-14,7.460698725481052e-15,0.05,False,1.0
119,Bryan Mbeumo,MID,Man Utd,a,0.00857142857142857,8.348877145181177e-14,0.006000000000025045,0.15,False,1.5
431,Altay Bayındır,GKP,Man Utd,a,0.0,7.283063041541027e-14,2.184918912462308e-14,0.15,False,1.5
432,André Onana,GKP,Man Utd,a,0.0,7.283063041541027e-14,2.184918912462308e-14,0.15,False,1.5
433,Elyh Harrison,GKP,Man Utd,u,0.0,7.815970093361102e-14,0.0,0.15,False,1.5
434,Tom Heaton,GKP,Man Utd,a,0.0,7.815970093361102e-14,2.3447910280083305e-14,0.15,False,1.5
435,Dermot Mee,GKP,Man Utd,a,0.0,7.815970093361102e-14,2.3447910280083305e-14,0.15,False,1.5
436,Matthijs de Ligt,DEF,Man Utd,a,0.0,8.704148513061227e-14,2.611244553918368e-14,0.15,False,1.5
437,Lisandro Martínez,DEF,Man Utd,i,0.0,8.526512829121202e-14,0.0,0.15,False,1.5
438,Noussair Mazraoui,DEF,Man Utd,i,0.0,8.704148513061227e-14,0.0,0.15,False,1.5
439,Diego León Blanco,DEF,Man Utd,a,0.0,8.881784197001252e-14,2.6645352591003757e-14,0.15,False,1.5
440,Diogo Dalot Teixeira,DEF,Man Utd,a,0.0,9.059419880941277e-14,2.717825964282383e-14,0.15,False,1.5
441,Patrick Dorgu,DEF,Man Utd,a,0.03,9.059419880941277e-14,0.021000000000027177,0.15,False,1.5
442,Harry Maguire,DEF,Man Utd,a,0.0,9.059419880941277e-14,2.717825964282383e-14,0.15,False,1.5
443,Luke Shaw,DEF,Man Utd,a,0.0,8.881784197001252e-14,2.6645352591003757e-14,0.15,False,1.5
444,Leny Yoro,DEF,Man Utd,a,0.0,9.059419880941277e-14,2.717825964282383e-14,0.15,False,1.5
445,Harry Amass,DEF,Man Utd,a,0.0,9.059419880941277e-14,2.717825964282383e-14,0.15,False,1.5
446,Tyler Fredricson,DEF,Man Utd,a,0.0,9.059419880941277e-14,2.717825964282383e-14,0.15,False,1.5
447,Ayden Heaven,DEF,Man Utd,a,0.0,9.237055564881302e-14,2.7711166694643907e-14,0.15,False,1.5
448,Tyrell Malacia,DEF,Man Utd,a,0.0,9.237055564881302e-14,2.7711166694643907e-14,0.15,False,1.5
449,Bruno Borges Fernandes,MID,Man Utd,a,0.00857142857142857,1.0302869668521453e-13,0.006000000000030907,0.15,False,1.5
450,Matheus Santos Carneiro da Cunha,MID,Man Utd,a,0.00857142857142857,8.348877145181177e-14,0.006000000000025045,0.15,False,1.5
451,Marcus Rashford,MID,Man Utd,u,0.00857142857142857,8.881784197001252e-14,0.0,0.15,False,1.5
452,Amad Diallo,MID,Man Utd,a,0.09321428571428571,9.059419880941277e-14,0.06525000000002716,0.15,False,1.5
453,Alejandro Garnacho Ferreyra,MID,Man Utd,a,0.03857142857142857,9.059419880941277e-14,0.027000000000027176,0.15,False,1.5
454,Antony dos Santos,MID,Man Utd,a,0.0,7.105427357601002e-14,2.1316282072803006e-14,0.15,False,1.5
455,Mason Mount,MID,Man Utd,a,0.0,7.105427357601002e-14,2.1316282072803006e-14,0.15,False,1.5
456,Jadon Sancho,MID,Man Utd,a,0.0,7.105427357601002e-14,2.1316282072803006e-14,0.15,False,1.5
457,Carlos Henrique Casimiro,MID,Man Utd,a,0.0,7.105427357601002e-14,2.1316282072803006e-14,0.15,False,1.5
458,Kobbie Mainoo,MID,Man Utd,a,0.0,7.283063041541027e-14,2.184918912462308e-14,0.15,False,1.5
459,Manuel Ugarte Ribeiro,MID,Man Utd,a,0.0,7.283063041541027e-14,2.184918912462308e-14,0.15,False,1.5
460,Toby Collyer,MID,Man Utd,a,0.0,7.638334409421077e-14,2.2915003228263232e-14,0.15,False,1.5
461,Jayce Fitzgerald,MID,Man Utd,a,0.0,7.638334409421077e-14,2.2915003228263232e-14,0.15,False,1.5
462,Jack Fletcher,MID,Man Utd,a,0.0,7.638334409421077e-14,2.2915003228263232e-14,0.15,False,1.5
463,Sékou Koné,MID,Man Utd,a,0.0,7.638334409421077e-14,2.2915003228263232e-14,0.15,False,1.5
464,Jack Moorhouse,MID,Man Utd,a,0.0,7.638334409421077e-14,2.2915003228263232e-14,0.15,False,1.5
465,Rasmus Højlund,FWD,Man Utd,a,0.03857142857142857,7.638334409421077e-14,0.027000000000022912,0.15,False,1.5
466,Joshua Zirkzee,FWD,Man Utd,a,0.0,5.861977570020827e-14,1.758593271006248e-14,0.15,False,1.5
467,Chido Obi,FWD,Man Utd,a,0.0,6.394884621840902e-14,1.9184653865522703e-14,0.15,False,1.5
468,Ethan Wheatley,FWD,Man Utd,a,0.007984126984126984,6.394884621840902e-14,0.005588888888908073,0.15,False,1.5
681,Benjamin Sesko,FWD,Man Utd,a,0.00857142857142857,7.283063041541027e-14,0.006000000000021847,0.15,False,1.5
469,Nick Pope,GKP,Newcastle,a,1.564027777777778,-1.9539925233402755e-14,1.0948194444444388,0.05,False,1.0
471,Mark Gillespie,GKP,Newcastle,a,0.0,-8.881784197001252e-15,0.0,0.05,False,1.0
472,Odysseas Vlachodimos,GKP,Newcastle,u,0.0,-8.881784197001252e-15,0.0,0.05,False,1.0
473,Lewis Hall,DEF,Newcastle,a,0.0,-1.7763568394002505e-15,0.0,0.05,False,1.0
474,Fabian Schär,DEF,Newcastle,a,1.520277777777778,-5.329070518200751e-15,1.064194444444443,0.05,False,1.0
475,Sven Botman,DEF,Newcastle,a,0.0,0.0,0.0,0.05,False,1.0
476,Dan Burn,DEF,Newcastle,a,1.554027777777778,-8.881784197001252e-15,1.0878194444444418,0.05,False,1.0
477,Tino Livramento,DEF,Newcastle,a,1.554027777777778,-1.0658141036401503e-14,1.0878194444444413,0.05,False,1.0
478,Kieran Trippier,DEF,Newcastle,a,1.4965277777777777,-1.0658141036401503e-14,1.0475694444444412,0.05,False,1.0
479,Emil Krafth,DEF,Newcastle,a,0.0,0.0,0.0,0.05,False,1.0
480,Jamaal Lascelles,DEF,Newcastle,a,0.0,0.0,0.0,0.05,False,1.0
481,Alex Murphy,DEF,Newcastle,a,0.0,5.329070518200751e-15,1.5987211554602253e-15,0.05,False,1.0
482,Harrison Ashby,DEF,Newcastle,a,0.0,3.552713678800501e-15,1.0658141036401502e-15,0.05,False,1.0
483,Miodrag Pivaš,DEF,Newcastle,a,0.0,3.552713678800501e-15,1.0658141036401502e-15,0.05,False,1.0
484,Matt Targett,DEF,Newcastle,a,0.0,5.329070518200751e-15,1.5987211554602253e-15,0.05,False,1.0
485,Anthony Gordon,MID,Newcastle,a,1.4965277777777777,0.0,1.0475694444444443,0.05,False,1.0
486,Anthony Elanga,MID,Newcastle,a,1.4965277777777777,-3.552713678800501e-15,1.0475694444444432,0.05,False,1.0
487,Harvey Barnes,MID,Newcastle,a,1.4965277777777777,-1.7763568394002505e-15,1.0475694444444439,0.05,False,1.0
488,Bruno Guimarães Rodriguez Moura,MID,Newcastle,a,1.513670634920635,-1.7763568394002505e-15,1.059569444444444,0.05,False,1.0
489,Jacob Murphy,MID,Newcastle,a,1.5374206349206352,-1.7763568394002505e-15,1.076194444444444,0.05,False,1.0
490,Joelinton Cássio Apolinário de Lira,MID,Newcastle,a,1.4965277777777777,-2.3092638912203256e-14,1.0475694444444374,0.05,False,1.0
491,Sandro Tonali,MID,Newcastle,a,1.4965277777777777,-2.4868995751603507e-14,1.0475694444444368,0.05,False,1.0
492,Antoñito Cordero Campillo,MID,Newcastle,a,0.0,-1.4210854715202004e-14,0.0,0.05,False,1.0
494,Joe Willock,MID,Newcastle,i,0.0,-1.4210854715202004e-14,0.0,0.05,False,1.0
495,Isaac Hayden,MID,Newcastle,u,0.0,-1.2434497875801753e-14,0.0,0.05,False,1.0
496,Garang Kuol,MID,Newcastle,a,0.0,-1.2434497875801753e-14,0.0,0.05,False,1.0
497,Lewis Miley,MID,Newcastle,a,1.587777777777778,-2.4868995751603507e-14,1.111444444444437,0.05,False,1.0
498,Joe White,MID,Newcastle,u,0.0,-1.2434497875801753e-14,0.0,0.05,False,1.0
499,Alexander Isak,FWD,Newcastle,n,0.0,1.4210854715202004e-14,0.0,0.05,False,1.0
500,William Osula,FWD,Newcastle,a,1.505511904761905,-3.552713678800501e-14,1.0538583333333227,0.05,False,1.0
501,Sean Neave,FWD,Newcastle,a,0.008984126984126985,-2.4868995751603507e-14,0.006288888888881428,0.05,False,1.0
674,Aaron Ramsdale,GKP,Newcastle,a,0.0,-1.4210854715202004e-14,0.0,0.05,False,1.0
684,Malick Thiaw,DEF,Newcastle,a,0.0,-1.7763568394002505e-15,0.0,0.05,False,1.0
502,Matz Sels,GKP,Nott'm Forest,a,0.03,7.460698725481052e-14,0.02100000000002238,0.15,False,1.5
503,Carlos Miguel dos Santos Pereira,GKP,Nott'm Forest,a,0.0,7.815970093361102e-14,2.3447910280083305e-14,0.15,False,1.5
504,Matt Turner,GKP,Nott'm Forest,u,0.0,7.815970093361102e-14,0.0,0.15,False,1.5
505,Nikola Milenković,DEF,Nott'm Forest,a,0.0,8.526512829121202e-14,2.5579538487363604e-14,0.15,False,1.5
506,Murillo Costa dos Santos,DEF,Nott'm Forest,a,0.0,8.526512829121202e-14,2.5579538487363604e-14,0.15,False,1.5
507,Ola Aina,DEF,Nott'm Forest,a,0.03,8.704148513061227e-14,0.02100000000002611,0.15,False,1.5
508,Neco Williams,DEF,Nott'm Forest,a,0.03,8.704148513061227e-14,0.02100000000002611,0.15,False,1.5
509,David Mota Veiga Teixeira do Carmo,DEF,Nott'm Forest,a,0.0,8.881784197001252e-14,2.6645352591003757e-14,0.15,False,1.5
510,Jair Paula da Cunha Filho,DEF,Nott'm Forest,a,0.0,8.881784197001252e-14,2.6645352591003757e-14,0.15,False,1.5
511,Felipe Rodrigues da Silva,DEF,Nott'm Forest,a,0.0,8.881784197001252e-14,2.6645352591003757e-14,0.15,False,1.5
512,Omar Richards,DEF,Nott'm Forest,a,0.0,8.881784197001252e-14,2.6645352591003757e-14,0.15,False,1.5
513,Zach Abbott,DEF,Nott'm Forest,a,0.0,9.059419880941277e-14,2.717825964282383e-14,0.15,False,1.5
514,Willy Boly,DEF,Nott'm Forest,a,0.0,9.237055564881302e-14,2.7711166694643907e-14,0.15,False,1.5
515,Morgan Gibbs-White,MID,Nott'm Forest,a,0.00857142857142857,8.526512829121202e-14,0.006000000000025578,0.15,False,1.5
516,Callum Hudson-Odoi,MID,Nott'm Forest,a,0.0,7.105427357601002e-14,2.1316282072803006e-14,0.15,False,1.5
517,Elliot Anderson,MID,Nott'm Forest,a,0.0,7.283063041541027e-14,2.184918912462308e-14,0.15,False,1.5
518,João Pedro Ferreira da Silva,MID,Nott'm Forest,a,0.0,7.105427357601002e-14,2.1316282072803006e-14,0.15,False,1.5
519,Nicolás Domínguez,MID,Nott'm Forest,i,0.0,7.283063041541027e-14,0.0,0.15,False,1.5
520,Lewis O'Brien,MID,Nott'm Forest,u,0.0,7.283063041541027e-14,0.0,0.15,False,1.5
521,Ibrahim Sangaré,MID,Nott'm Forest,a,0.0,7.283063041541027e-14,2.184918912462308e-14,0.15,False,1.5
522,Ryan Yates,MID,Nott'm Forest,a,0.0,7.283063041541027e-14,2.184918912462308e-14,0.15,False,1.5
523,Eric da Silva Moreira,MID,Nott'm Forest,a,0.0,7.638334409421077e-14,2.2915003228263232e-14,0.15,False,1.5
524,Marko Stamenić,MID,Nott'm Forest,a,0.0,7.638334409421077e-14,2.2915003228263232e-14,0.15,False,1.5
525,Chris Wood,FWD,Nott'm Forest,a,0.00857142857142857,7.283063041541027e-14,0.006000000000021847,0.15,False,1.5
526,Igor Jesus Maciel da Cruz,FWD,Nott'm Forest,a,0.0,5.861977570020827e-14,1.758593271006248e-14,0.15,False,1.5
527,Taiwo Awoniyi,FWD,Nott'm Forest,a,0.0,5.861977570020827e-14,1.758593271006248e-14,0.15,False,1.5
669,Dan Ndoye,MID,Nott'm Forest,a,0.0,7.105427357601002e-14,2.1316282072803006e-14,0.15,False,1.5
675,Angus Gunn,GKP,Nott'm Forest,a,0.0,7.815970093361102e-14,2.3447910280083305e-14,0.15,False,1.5
252,Marc Guiu Paz,FWD,Sunderland,a,0.03,6.572520305780927e-14,0.021000000000019715,0.15,False,1.5
528,Anthony Patterson,GKP,Sunderland,a,0.0,7.638334409421077e-14,2.2915003228263232e-14,0.15,False,1.5
529,Simon Moore,GKP,Sunderland,a,0.0,7.815970093361102e-14,2.3447910280083305e-14,0.15,False,1.5
530,Blondy Nna Noukeu,GKP,Sunderland,a,0.0,7.815970093361102e-14,2.3447910280083305e-14,0.15,False,1.5
531,Daniel Ballard,DEF,Sunderland,a,1.4965277777777777,7.815970093361102e-14,1.0475694444444679,0.15,False,1.5
532,Trai Hume,DEF,Sunderland,a,1.4965277777777777,7.815970093361102e-14,1.0475694444444679,0.15,False,1.5
533,Aji Alese,DEF,Sunderland,i,0.0,9.059419880941277e-14,0.0,0.15,False,1.5
534,Joe Anderson,DEF,Sunderland,a,0.0,9.237055564881302e-14,2.7711166694643907e-14,0.15,False,1.5
535,Dennis Cirkin,DEF,Sunderland,i,0.0,9.059419880941277e-14,0.0,0.15,False,1.5
536,Leo Fuhr Hjelde,DEF,Sunderland,i,0.0,9.059419880941277e-14,0.0,0.15,False,1.5
537,Niall Huggins,DEF,Sunderland,a,0.0,9.059419880941277e-14,2.717825964282383e-14,0.15,False,1.5
538,Zak Johnson,DEF,Sunderland,a,0.0,9.059419880941277e-14,2.717825964282383e-14,0.15,False,1.5
539,Luke O'Nien,DEF,Sunderland,i,0.0,9.059419880941277e-14,0.0,0.15,False,1.5
540,Timothée Pembélé,DEF,Sunderland,a,0.0,9.059419880941277e-14,2.717825964282383e-14,0.15,False,1.5
541,Reinildo Mandava,DEF,Sunderland,a,0.5840277777777778,7.993605777301127e-14,0.40881944444446844,0.15,False,1.5
542,Jenson Seelt,DEF,Sunderland,a,0.5540277777777778,7.993605777301127e-14,0.3878194444444684,0.15,False,1.5
543,Simon Adingra,MID,Sunderland,a,1.4965277777777777,6.394884621840902e-14,1.0475694444444634,0.15,False,1.5
544,Habib Diarra,MID,Sunderland,a,1.4965277777777777,6.394884621840902e-14,1.0475694444444634,0.15,False,1.5
545,Patrick Roberts,MID,Sunderland,a,0.0,7.105427357601002e-14,2.1316282072803006e-14,0.15,False,1.5
546,Milan Aleksić,MID,Sunderland,a,0.0,7.283063041541027e-14,2.184918912462308e-14,0.15,False,1.5
547,Enzo Le Fée,MID,Sunderland,a,0.0,7.283063041541027e-14,2.184918912462308e-14,0.15,False,1.5
548,Romaine Mundle,MID,Sunderland,i,0.0,7.283063041541027e-14,0.0,0.15,False,1.5
549,Dan Neil,MID,Sunderland,a,0.0,7.283063041541027e-14,2.184918912462308e-14,0.15,False,1.5
550,Ian Poveda-Ocampo,MID,Sunderland,a,0.0,7.283063041541027e-14,2.184918912462308e-14,0.15,False,1.5
551,Chris Rigg,MID,Sunderland,a,0.0,7.283063041541027e-14,2.184918912462308e-14,0.15,False,1.5
552,Noah Sadiki,MID,Sunderland,a,1.4965277777777777,6.572520305780927e-14,1.047569444444464,0.15,False,1.5
553,Chemsdine Talbi,MID,Sunderland,a,1.4965277777777777,6.572520305780927e-14,1.047569444444464,0.15,False,1.5
554,Abdoullah Ba,MID,Sunderland,a,0.0,7.638334409421077e-14,2.2915003228263232e-14,0.15,False,1.5
555,Alan Browne,MID,Sunderland,a,0.0,7.638334409421077e-14,2.2915003228263232e-14,0.15,False,1.5
556,Pierre Ekwah Elimby,MID,Sunderland,u,0.0,7.638334409421077e-14,0.0,0.15,False,1.5
557,Harrison Jones,MID,Sunderland,a,0.0,7.638334409421077e-14,2.2915003228263232e-14,0.15,False,1.5
558,Jay Matete,MID,Sunderland,a,0.0,7.638334409421077e-14,2.2915003228263232e-14,0.15,False,1.5
559,Nectarios Triantis,MID,Sunderland,a,0.0,7.638334409421077e-14,2.2915003228263232e-14,0.15,False,1.5
560,Wilson Isidor,FWD,Sunderland,a,0.008984126984126985,5.861977570020827e-14,0.006288888888906475,0.15,False,1.5
561,Eliezer Mayenda Dossou,FWD,Sunderland,a,1.4965277777777777,5.1514348342607263e-14,1.0475694444444599,0.15,False,1.5
562,Ahmed Abdullahi,FWD,Sunderland,a,0.0,6.394884621840902e-14,1.9184653865522703e-14,0.15,False,1.5
563,Luís Hemir Silva Semedo,FWD,Sunderland,a,0.008984126984126985,6.394884621840902e-14,0.006288888888908073,0.15,False,1.5
564,Nazarii Rusyn,FWD,Sunderland,a,0.008984126984126985,6.394884621840902e-14,0.006288888888908073,0.15,False,1.5
668,Granit Xhaka,MID,Sunderland,a,1.587777777777778,6.572520305780927e-14,1.1114444444444642,0.15,False,1.5
670,Robin Roefs,GKP,Sunderland,a,1.4965277777777777,6.572520305780927e-14,1.047569444444464,0.15,False,1.5
678,Arthur Masuaku,DEF,Sunderland,a,0.0,9.237055564881302e-14,2.7711166694643907e-14,0.15,False,1.5
683,Omar Alderete,DEF,Sunderland,a,0.0,9.237055564881302e-14,2.7711166694643907e-14,0.15,False,1.5
565,Guglielmo Vicario,GKP,Spurs,a,1.544027777777778,1.7763568394002505e-14,1.0808194444444499,0.05,False,1.0
566,Brandon Austin,GKP,Spurs,a,0.0,2.842170943040401e-14,8.526512829121202e-15,0.05,False,1.0
567,Antonín Kinský,GKP,Spurs,a,0.0,2.842170943040401e-14,8.526512829121202e-15,0.05,False,1.0
568,Pedro Porro Sauceda,DEF,Spurs,a,1.4965277777777777,2.842170943040401e-14,1.0475694444444528,0.05,False,1.0
569,Cristian Romero,DEF,Spurs,a,1.554027777777778,3.019806626980426e-14,1.0878194444444536,0.05,False,1.0
570,Kevin Danso,DEF,Spurs,a,0.0,3.907985046680551e-14,1.1723955140041652e-14,0.05,False,1.0
571,Ben Davies,DEF,Spurs,a,0.0,3.907985046680551e-14,1.1723955140041652e-14,0.05,False,1.0
572,Radu Drăgușin,DEF,Spurs,i,0.0,3.907985046680551e-14,0.0,0.05,False,1.0
573,Djed Spence,DEF,Spurs,a,1.4965277777777777,3.019806626980426e-14,1.0475694444444534,0.05,False,1.0
574,Destiny Udogie,DEF,Spurs,i,0.0,4.085620730620576e-14,0.0,0.05,False,1.0
575,Micky van de Ven,DEF,Spurs,a,1.526527777777778,3.019806626980426e-14,1.0685694444444536,0.05,False,1.0
576,Ashley Phillips,DEF,Spurs,u,0.0,4.085620730620576e-14,0.0,0.05,False,1.0
577,Takai Kōta,DEF,Spurs,d,0.0,4.085620730620576e-14,2.298161660974074e-15,0.05,False,1.0
578,Luka Vušković,DEF,Spurs,a,0.0,3.907985046680551e-14,1.1723955140041652e-14,0.05,False,1.0
579,Son Heung-min,MID,Spurs,u,0.00857142857142857,5.1514348342607263e-14,0.0,0.05,False,1.0
580,Brennan Johnson,MID,Spurs,a,1.5425992063492067,3.730349362740526e-14,1.0798194444444558,0.05,False,1.0
581,James Maddison,MID,Spurs,i,0.00857142857142857,3.907985046680551e-14,0.0,0.05,False,1.0
582,Mohammed Kudus,MID,Spurs,a,1.5522420634920635,4.085620730620576e-14,1.0865694444444567,0.05,False,1.0
583,Dejan Kulusevski,MID,Spurs,i,0.03857142857142857,4.085620730620576e-14,0.0,0.05,False,1.0
584,Mathys Tel,MID,Spurs,a,0.03857142857142857,4.085620730620576e-14,0.027000000000012254,0.05,False,1.0
585,Rodrigo Bentancur,MID,Spurs,a,0.0,2.1316282072803006e-14,6.394884621840901e-15,0.05,False,1.0
586,Lucas Bergvall,MID,Spurs,a,1.4965277777777777,1.4210854715202004e-14,1.0475694444444485,0.05,False,1.0
587,Yves Bissouma,MID,Spurs,a,0.0,2.1316282072803006e-14,6.394884621840901e-15,0.05,False,1.0
588,Wilson Odobert,MID,Spurs,a,0.0,2.1316282072803006e-14,6.394884621840901e-15,0.05,False,1.0
589,Manor Solomon,MID,Spurs,d,0.0,2.1316282072803006e-14,1.199040866595169e-15,0.05,False,1.0
590,Bryan Gil Salvatierra,MID,Spurs,a,0.0,2.3092638912203256e-14,6.927791673660977e-15,0.05,False,1.0
591,Archie Gray,MID,Spurs,a,1.4965277777777777,1.5987211554602254e-14,1.0475694444444492,0.05,False,1.0
592,Mikey Moore,MID,Spurs,u,0.0,2.3092638912203256e-14,0.0,0.05,False,1.0
593,Pape Matar Sarr,MID,Spurs,a,1.587777777777778,1.5987211554602254e-14,1.1114444444444493,0.05,False,1.0
594,Yang Min-hyeok,MID,Spurs,u,0.0,2.6645352591003757e-14,0.0,0.05,False,1.0
595,Callum Olusesi,MID,Spurs,a,0.0,2.6645352591003757e-14,7.993605777301127e-15,0.05,False,1.0
596,Dominic Solanke-Mitchell,FWD,Spurs,a,0.00857142857142857,2.4868995751603507e-14,0.0060000000000074594,0.05,False,1.0
597,Richarlison de Andrade,FWD,Spurs,a,1.5522420634920635,2.4868995751603507e-14,1.086569444444452,0.05,False,1.0
598,Will Lankshear,FWD,Spurs,u,0.007984126984126984,1.4210854715202004e-14,0.0,0.05,False,1.0
599,Dane Scarlett,FWD,Spurs,a,0.0,1.4210854715202004e-14,4.263256414560601e-15,0.05,False,1.0
673,João Maria Lobo Alves Palhares Costa Palhinha Gonçalves,MID,Spurs,a,0.0,2.1316282072803006e-14,6.394884621840901e-15,0.05,False,1.0
600,Alphonse Areola,GKP,West Ham,a,0.03,-1.0658141036401503e-14,0.0209999999999968,0.05,False,1.0
601,Wes Foderingham,GKP,West Ham,a,0.0,-8.881784197001252e-15,0.0,0.05,False,1.0
602,Krisztián Hegyi,GKP,West Ham,a,0.0,-8.881784197001252e-15,0.0,0.05,False,1.0
603,El Hadji Malick Diouf,DEF,West Ham,a,1.526527777777778,-8.881784197001252e-15,1.0685694444444418,0.05,False,1.0
604,Emerson Palmieri dos Santos,DEF,West Ham,a,0.0,0.0,0.0,0.05,False,1.0
605,Maximilian Kilman,DEF,West Ham,a,1.4965277777777777,-8.881784197001252e-15,1.0475694444444417,0.05,False,1.0
606,Konstantinos Mavropanos,DEF,West Ham,a,0.0,0.0,0.0,0.05,False,1.0
607,Nayef Aguerd,DEF,West Ham,a,1.4965277777777777,-1.0658141036401503e-14,1.0475694444444412,0.05,False,1.0
608,Ollie Scarles,DEF,West Ham,a,0.0,0.0,0.0,0.05,False,1.0
609,Jean-Clair Todibo,DEF,West Ham,a,1.4965277777777777,-1.0658141036401503e-14,1.0475694444444412,0.05,False,1.0
610,Aaron Wan-Bissaka,DEF,West Ham,a,1.526527777777778,-8.881784197001252e-15,1.0685694444444418,0.05,False,1.0
611,Kaelan Casey,DEF,West Ham,u,0.0,3.552713678800501e-15,0.0,0.05,False,1.0
612,Lucas Tolentino Coelho de Lima,MID,West Ham,a,1.4965277777777777,-2.3092638912203256e-14,1.0475694444444374,0.05,False,1.0
613,Tomáš Souček,MID,West Ham,a,0.0,-1.5987211554602254e-14,0.0,0.05,False,1.0
614,James Ward-Prowse,MID,West Ham,a,1.4965277777777777,-2.3092638912203256e-14,1.0475694444444374,0.05,False,1.0
615,Crysencio Summerville,MID,West Ham,i,0.0,-1.5987211554602254e-14,0.0,0.05,False,1.0
616,Edson Álvarez Velázquez,MID,West Ham,a,0.0,-1.4210854715202004e-14,0.0,0.05,False,1.0
617,Maxwel Cornet,MID,West Ham,a,0.0,-1.4210854715202004e-14,0.0,0.05,False,1.0
618,Guido Rodríguez,MID,West Ham,a,1.4965277777777777,-2.3092638912203256e-14,1.0475694444444374,0.05,False,1.0
619,Luis Guilherme Lira dos Santos,MID,West Ham,a,0.0,-1.4210854715202004e-14,0.0,0.05,False,1.0
620,George Earthy,MID,West Ham,i,0.0,-1.2434497875801753e-14,0.0,0.05,False,1.0
621,Andy Irving,MID,West Ham,a,0.0,-1.2434497875801753e-14,0.0,0.05,False,1.0
622,Lewis Orford,MID,West Ham,a,0.0,-1.2434497875801753e-14,0.0,0.05,False,1.0
623,Freddie Potts,MID,West Ham,a,0.0,-1.2434497875801753e-14,0.0,0.05,False,1.0
624,Jarrod Bowen,FWD,West Ham,a,1.4965277777777777,-1.2434497875801753e-14,1.0475694444444406,0.05,False,1.0
625,Niclas Füllkrug,FWD,West Ham,a,1.514027777777778,-3.552713678800501e-14,1.0598194444444338,0.05,False,1.0
626,Callum Marshall,FWD,West Ham,a,0.0,-2.4868995751603507e-14,0.0,0.05,False,1.0
659,Kyle Walker-Peters,DEF,West Ham,a,0.0,1.7763568394002505e-15,5.329070518200751e-16,0.05,False,1.0
671,Callum Wilson,FWD,West Ham,a,0.0,-2.842170943040401e-14,0.0,0.05,False,1.0
679,Mads Hermansen,GKP,West Ham,a,1.4965277777777777,-2.3092638912203256e-14,1.0475694444444374,0.05,False,1.0
627,Sam Johnstone,GKP,Wolves,a,0.0,7.638334409421077e-14,2.2915003228263232e-14,0.15,False,1.5
628,José Malheiro de Sá,GKP,Wolves,a,0.0,7.638334409421077e-14,2.2915003228263232e-14,0.15,False,1.5
629,Daniel Bentley,GKP,Wolves,a,0.0,7.815970093361102e-14,2.3447910280083305e-14,0.15,False,1.5
630,Tom King,GKP,Wolves,a,0.0,7.815970093361102e-14,2.3447910280083305e-14,0.15,False,1.5
631,Emmanuel Agbadou,DEF,Wolves,a,0.0,9.059419880941277e-14,2.717825964282383e-14,0.15,False,1.5
632,Matt Doherty,DEF,Wolves,a,0.0,8.881784197001252e-14,2.6645352591003757e-14,0.15,False,1.5
633,Hugo Bueno López,DEF,Wolves,a,0.0,8.881784197001252e-14,2.6645352591003757e-14,0.15,False,1.5
634,Yerson Mosquera Valdelamar,DEF,Wolves,a,0.0,8.881784197001252e-14,2.6645352591003757e-14,0.15,False,1.5
635,Rodrigo Martins Gomes,DEF,Wolves,a,0.0,8.881784197001252e-14,2.6645352591003757e-14,0.15,False,1.5
636,Santiago Ignacio Bueno,DEF,Wolves,a,0.0,8.881784197001252e-14,2.6645352591003757e-14,0.15,False,1.5
637,Toti Gomes,DEF,Wolves,a,0.0,8.881784197001252e-14,2.6645352591003757e-14,0.15,False,1.5
638,Ki-Jana Hoever,DEF,Wolves,a,0.0,9.237055564881302e-14,2.7711166694643907e-14,0.15,False,1.5
639,Bastien Meupiyou Menadjou,DEF,Wolves,u,0.0,9.059419880941277e-14,0.0,0.15,False,1.5
640,Pedro Cardoso de Lima,DEF,Wolves,a,0.0,9.237055564881302e-14,2.7711166694643907e-14,0.15,False,1.5
641,Alfie Pond,DEF,Wolves,a,0.0,9.237055564881302e-14,2.7711166694643907e-14,0.15,False,1.5
642,Hwang Hee-chan,MID,Wolves,a,0.0,7.105427357601002e-14,2.1316282072803006e-14,0.15,False,1.5
643,André Trindade da Costa Neto,MID,Wolves,a,0.0,7.105427357601002e-14,2.1316282072803006e-14,0.15,False,1.5
644,Jean-Ricner Bellegarde,MID,Wolves,a,0.0,7.105427357601002e-14,2.1316282072803006e-14,0.15,False,1.5
645,Fer López González,MID,Wolves,a,0.0,7.105427357601002e-14,2.1316282072803006e-14,0.15,False,1.5
646,João Victor Gomes da Silva,MID,Wolves,a,0.0,7.105427357601002e-14,2.1316282072803006e-14,0.15,False,1.5
647,Gonçalo Manuel Ganchinho Guedes,MID,Wolves,u,0.0,7.105427357601002e-14,0.0,0.15,False,1.5
648,Marshall Munetsi,MID,Wolves,a,0.0,7.105427357601002e-14,2.1316282072803006e-14,0.15,False,1.5
649,Boubacar Traoré,MID,Wolves,u,0.0,7.283063041541027e-14,0.0,0.15,False,1.5
650,Tawanda Chirewa,MID,Wolves,a,0.0,7.638334409421077e-14,2.2915003228263232e-14,0.15,False,1.5
651,Tom Edozie,MID,Wolves,a,0.0,7.638334409421077e-14,2.2915003228263232e-14,0.15,False,1.5
652,Enso González Medina,MID,Wolves,a,0.0,7.638334409421077e-14,2.2915003228263232e-14,0.15,False,1.5
653,Joe Hodge,MID,Wolves,u,0.0,7.638334409421077e-14,0.0,0.15,False,1.5
654,Jørgen Strand Larsen,FWD,Wolves,a,0.05571428571428571,7.815970093361102e-14,0.03900000000002344,0.15,False,1.5
655,Fábio Soares Silva,FWD,Wolves,a,0.0,6.039613253960852e-14,1.8118839761882553e-14,0.15,False,1.5
656,Saša Kalajdžić,FWD,Wolves,a,0.007984126984126984,6.039613253960852e-14,0.005588888888907008,0.15,False,1.5
657,Leon Chiwome,FWD,Wolves,i,0.007984126984126984,6.394884621840902e-14,0.0,0.15,False,1.5
658,Nathan Fraser,FWD,Wolves,a,0.0,6.394884621840902e-14,1.9184653865522703e-14,0.15,False,1.5
663,Jhon Arias,MID,Wolves,a,0.0,7.105427357601002e-14,2.1316282072803006e-14,0.15,False,1.5
682,David Møller Wolfe,DEF,Wolves,a,0.0,8.881784197001252e-14,2.6645352591003757e-14,0.15,False,1.5
