player_id,name,position,team_name,current_price,expected_points_ensemble,points_per_million
373,Virgil van Dijk,DEF,Liverpool,6.0,3.1610625659810307,0.5268437609968385
346,Sam Byram,DEF,Leeds,4.0,3.074350919367053,0.7685877298417634
349,Isaac Schmidt,DEF,Leeds,4.0,3.074350919367053,0.7685877298417634
348,Joe Rodon,DEF,Leeds,4.0,3.074350919367053,0.7685877298417634
347,Gabriel Gudmundsson,DEF,Leeds,4.0,3.0742201064140744,0.7685550266035186
343,Pascal Struijk,DEF,Leeds,4.5,3.050004702902334,0.6777788228671854
541,Reinildo Mandava,DEF,Sunderland,4.0,3.0474785509553985,0.7618696377388496
542,Jenson Seelt,DEF,Sunderland,4.0,3.047440089373977,0.7618600223434943
73,Adam Smith,DEF,Bournemouth,4.5,3.045743103253598,0.6768318007230217
476,Dan Burn,DEF,Newcastle,5.0,3.035839219228049,0.6071678438456098
478,Kieran Trippier,DEF,Newcastle,5.0,3.029309250394292,0.6058618500788583
477,Tino Livramento,DEF,Newcastle,5.0,3.029273069117997,0.6058546138235995
531,Daniel Ballard,DEF,Sunderland,4.5,3.0188423504231223,0.6708538556495828
532,Trai Hume,DEF,Sunderland,4.5,3.0188423504231223,0.6708538556495828
191,Maxime Estève,DEF,Burnley,4.0,3.001555758292679,0.7503889395731698
197,Oliver Sonne,DEF,Burnley,4.0,2.9916863687806377,0.7479215921951594
190,Hjalmar Ekdal,DEF,Burnley,4.0,2.985389382097975,0.7463473455244938
192,Quilindschy Hartman,DEF,Burnley,4.0,2.9757637663363203,0.7439409415840801
474,Fabian Schär,DEF,Newcastle,5.5,2.972410698492008,0.5404383088167287
298,Reece Welch,DEF,Everton,4.0,2.9571967936070944,0.7392991984017736
297,Roman Dixon,DEF,Everton,4.0,2.9571967936070944,0.7392991984017736
187,Kyle Walker,DEF,Burnley,4.5,2.946489161066655,0.6547753691259233
118,Jayden Meghoma,DEF,Brentford,4.0,2.944038409198904,0.736009602299726
114,Benjamin Arthur,DEF,Brentford,4.0,2.944038409198904,0.736009602299726
117,Kim Ji-soo,DEF,Brentford,4.0,2.944038409198904,0.736009602299726
115,Benjamin Fredrick,DEF,Brentford,4.0,2.944038409198904,0.736009602299726
116,Aaron Hickey,DEF,Brentford,4.0,2.944038409198904,0.736009602299726
40,Tyrone Mings,DEF,Aston Villa,4.5,2.9331935595193777,0.6518207910043061
37,Lucas Digne,DEF,Aston Villa,4.5,2.933147258222641,0.6518105018272536
667,Adam Aznou,DEF,Everton,4.5,2.932850577142375,0.6517445726983055
294,Séamus Coleman,DEF,Everton,4.5,2.932850577142375,0.6517445726983055
295,Michael Keane,DEF,Everton,4.5,2.932850577142375,0.6517445726983055
110,Michael Kayode,DEF,Brentford,4.5,2.919692192734185,0.6488204872742632
111,Ethan Pinnock,DEF,Brentford,4.5,2.919692192734185,0.6488204872742632
108,Kristoffer Ajer,DEF,Brentford,4.5,2.919692192734185,0.6488204872742632
113,Sepp van den Berg,DEF,Brentford,4.5,2.919692192734185,0.6488204872742632
112,Mads Roerslev Rasmussen,DEF,Brentford,4.5,2.919692192734185,0.6488204872742632
109,Rico Henry,DEF,Brentford,4.5,2.919692192734185,0.6488204872742632
293,Jake O'Brien,DEF,Everton,5.0,2.908504251994665,0.5817008503989329
194,Jordan Beyer,DEF,Burnley,4.0,2.901933292614124,0.7254833231535309
678,Arthur Masuaku,DEF,Sunderland,4.0,2.901933292614124,0.7254833231535309
195,Lucas Pires Silva,DEF,Burnley,4.0,2.901933292614124,0.7254833231535309
540,Timothée Pembélé,DEF,Sunderland,4.0,2.901933292614124,0.7254833231535309
537,Niall Huggins,DEF,Sunderland,4.0,2.901933292614124,0.7254833231535309
538,Zak Johnson,DEF,Sunderland,4.0,2.901933292614124,0.7254833231535309
196,Shurandy Sambo,DEF,Burnley,4.0,2.901933292614124,0.7254833231535309
188,Hannes Delcroix,DEF,Burnley,4.0,2.901933292614124,0.7254833231535309
534,Joe Anderson,DEF,Sunderland,4.0,2.901933292614124,0.7254833231535309
199,Joe Worrall,DEF,Burnley,4.0,2.901933292614124,0.7254833231535309
683,Omar Alderete,DEF,Sunderland,4.0,2.901933292614124,0.7254833231535309
198,Axel Tuanzebe,DEF,Burnley,4.0,2.901918238740083,0.7254795596850208
107,Keane Lewis-Potter,DEF,Brentford,5.0,2.8953458675864745,0.5790691735172949
106,Nathan Collins,DEF,Brentford,5.0,2.8953458675864745,0.5790691735172949
374,Ibrahima Konaté,DEF,Liverpool,5.5,2.892935891300171,0.5259883438727584
638,Ki-Jana Hoever,DEF,Wolves,4.0,2.8892834335171167,0.7223208583792792
641,Alfie Pond,DEF,Wolves,4.0,2.8892834335171167,0.7223208583792792
640,Pedro Cardoso de Lima,DEF,Wolves,4.0,2.8892834335171167,0.7223208583792792
370,Jeremie Frimpong,DEF,Liverpool,6.0,2.8843405286662662,0.4807234214443777
291,James Tarkowski,DEF,Everton,5.5,2.884158035529945,0.5243923700963538
36,Matty Cash,DEF,Aston Villa,4.5,2.882659966440672,0.6405911036534827
72,Marcos Senesi Barón,DEF,Bournemouth,4.5,2.8817141768144063,0.6403809281809791
186,Connor Roberts,DEF,Burnley,4.5,2.877587076149404,0.6394637946998676
379,Rhys Williams,DEF,Liverpool,4.0,2.871130227590172,0.717782556897543
378,Amara Nallo,DEF,Liverpool,4.0,2.871130227590172,0.717782556897543
380,Calvin Ramsay,DEF,Liverpool,4.0,2.871130227590172,0.717782556897543
682,David Møller Wolfe,DEF,Wolves,4.5,2.864937217052397,0.6366527149005328
636,Santiago Ignacio Bueno,DEF,Wolves,4.5,2.864937217052397,0.6366527149005328
634,Yerson Mosquera Valdelamar,DEF,Wolves,4.5,2.864937217052397,0.6366527149005328
635,Rodrigo Martins Gomes,DEF,Wolves,4.5,2.864937217052397,0.6366527149005328
632,Matt Doherty,DEF,Wolves,4.5,2.864937217052397,0.6366527149005328
631,Emmanuel Agbadou,DEF,Wolves,4.5,2.864937217052397,0.6366527149005328
633,Hugo Bueno López,DEF,Wolves,4.5,2.864937217052397,0.6366527149005328
637,Toti Gomes,DEF,Wolves,4.5,2.864937217052397,0.6366527149005328
575,Micky van de Ven,DEF,Spurs,4.5,2.863504822567994,0.6363344050151097
573,Djed Spence,DEF,Spurs,4.5,2.863485593299568,0.6363301318443484
446,Tyler Fredricson,DEF,Man Utd,4.0,2.8562926937376907,0.7140731734344227
445,Harry Amass,DEF,Man Utd,4.0,2.8562926937376907,0.7140731734344227
447,Ayden Heaven,DEF,Man Utd,4.0,2.8562926937376907,0.7140731734344227
448,Tyrell Malacia,DEF,Man Utd,4.0,2.8562926937376907,0.7140731734344227
38,Ezri Konsa Ngoyo,DEF,Aston Villa,4.5,2.855828477301836,0.6346285505115191
145,Maxim De Cuyper,DEF,Brighton,4.5,2.84829737324304,0.6329549718317867
146,Lewis Dunk,DEF,Brighton,4.5,2.8482781439746137,0.6329506986610253
151,Jan Paul van Hecke,DEF,Brighton,4.5,2.8482781439746137,0.6329506986610253
234,Aarón Anselmino,DEF,Chelsea,4.0,2.8431144515532623,0.7107786128883156
233,Josh Acheampong,DEF,Chelsea,4.0,2.8431144515532623,0.7107786128883156
569,Cristian Romero,DEF,Spurs,5.0,2.834283488263903,0.5668566976527807
439,Diego León Blanco,DEF,Man Utd,4.5,2.831946477272971,0.6293214393939937
440,Diogo Dalot Teixeira,DEF,Man Utd,4.5,2.831946477272971,0.6293214393939937
444,Leny Yoro,DEF,Man Utd,4.5,2.831946477272971,0.6293214393939937
442,Harry Maguire,DEF,Man Utd,4.5,2.831946477272971,0.6293214393939937
443,Luke Shaw,DEF,Man Utd,4.5,2.831946477272971,0.6293214393939937
441,Patrick Dorgu,DEF,Man Utd,4.5,2.831935964206145,0.6293191031569212
377,Konstantinos Tsimikas,DEF,Liverpool,5.0,2.822437685977742,0.5644875371955484
232,Tosin Adarabioyo,DEF,Chelsea,4.5,2.818768235088543,0.6263929411307873
610,Aaron Wan-Bissaka,DEF,West Ham,4.5,2.816144188685894,0.6258098197079764
603,El Hadji Malick Diouf,DEF,West Ham,4.5,2.816144188685894,0.6258098197079764
607,Nayef Aguerd,DEF,West Ham,4.5,2.8161249594174675,0.625805546537215
605,Maximilian Kilman,DEF,West Ham,4.5,2.8161249594174675,0.625805546537215
609,Jean-Clair Todibo,DEF,West Ham,4.5,2.8161249594174675,0.625805546537215
436,Matthijs de Ligt,DEF,Man Utd,5.0,2.8076001521252607,0.5615200304250522
77,James Hill,DEF,Bournemouth,4.0,2.806325331205937,0.7015813328014843
568,Pedro Porro Sauceda,DEF,Spurs,5.5,2.805013547258619,0.5100024631379307
672,Jorrel Hato,DEF,Chelsea,5.0,2.7944219099408327,0.5588843819881666
226,Trevoh Chalobah,DEF,Chelsea,5.0,2.7944219099408327,0.5588843819881666
228,Malo Gusto,DEF,Chelsea,5.0,2.7944219099408327,0.5588843819881666
317,Joachim Andersen,DEF,Fulham,4.5,2.787057359876674,0.6193460799725943
322,Kenny Tete,DEF,Fulham,4.5,2.7870147794352653,0.6193366176522812
321,Jorge Cuenca Barreno,DEF,Fulham,4.5,2.7870147794352653,0.6193366176522812
513,Zach Abbott,DEF,Nott'm Forest,4.0,2.7799797303606018,0.6949949325901504
514,Willy Boly,DEF,Nott'm Forest,4.0,2.7799797303606018,0.6949949325901504
225,Reece James,DEF,Chelsea,5.5,2.7700756934761133,0.503650126086566
511,Felipe Rodrigues da Silva,DEF,Nott'm Forest,4.5,2.7556335138958823,0.6123630030879739
509,David Mota Veiga Teixeira do Carmo,DEF,Nott'm Forest,4.5,2.7556335138958823,0.6123630030879739
510,Jair Paula da Cunha Filho,DEF,Nott'm Forest,4.5,2.7556335138958823,0.6123630030879739
512,Omar Richards,DEF,Nott'm Forest,4.5,2.7556335138958823,0.6123630030879739
372,Andrew Robertson,DEF,Liverpool,6.0,2.7537173690162504,0.4589528948360417
578,Luka Vušković,DEF,Spurs,4.0,2.7479040575479425,0.6869760143869856
224,Marc Cucurella Saseta,DEF,Chelsea,6.0,2.745729477011393,0.4576215795018988
371,Milos Kerkez,DEF,Liverpool,6.0,2.7343518547797485,0.455725309129958
508,Neco Williams,DEF,Nott'm Forest,5.0,2.731275665350482,0.5462551330700964
507,Ola Aina,DEF,Nott'm Forest,5.0,2.731275665350482,0.5462551330700964
155,Jacob Slater,DEF,Brighton,4.0,2.730696939636581,0.6826742349091454
156,Charlie Tasker,DEF,Brighton,4.0,2.730696939636581,0.6826742349091454
570,Kevin Danso,DEF,Spurs,4.5,2.723557841083222,0.6052350757962717
571,Ben Davies,DEF,Spurs,4.5,2.723557841083222,0.6052350757962717
482,Harrison Ashby,DEF,Newcastle,4.0,2.717599312826606,0.6793998282066515
484,Matt Targett,DEF,Newcastle,4.0,2.717599312826606,0.6793998282066515
483,Miodrag Pivaš,DEF,Newcastle,4.0,2.717599312826606,0.6793998282066515
481,Alex Murphy,DEF,Newcastle,4.0,2.717599312826606,0.6793998282066515
505,Nikola Milenković,DEF,Nott'm Forest,5.5,2.706940972283452,0.4921710858697185
506,Murillo Costa dos Santos,DEF,Nott'm Forest,5.5,2.706940972283452,0.4921710858697185
149,Igor Julio dos Santos de Paulo,DEF,Brighton,4.5,2.706350723171861,0.6014112718159692
144,Diego Coppola,DEF,Brighton,4.5,2.706350723171861,0.6014112718159692
150,Tariq Lamptey,DEF,Brighton,4.5,2.706350723171861,0.6014112718159692
152,Joël Veltman,DEF,Brighton,4.5,2.706350723171861,0.6014112718159692
148,Ferdi Kadıoğlu,DEF,Brighton,4.5,2.706350723171861,0.6014112718159692
143,Olivier Boscagli,DEF,Brighton,4.5,2.706350723171861,0.6014112718159692
263,Nathaniel Clyne,DEF,Crystal Palace,4.0,2.7014484457229773,0.6753621114307443
43,Álex Moreno Lopera,DEF,Aston Villa,4.0,2.6833199073490883,0.6708299768372721
45,Lino da Cruz Sousa,DEF,Aston Villa,4.0,2.683265692378336,0.670816423094584
44,Lamare Bogarde,DEF,Aston Villa,4.0,2.683265692378336,0.670816423094584
46,Yasin Özcan,DEF,Aston Villa,4.0,2.683265692378336,0.670816423094584
260,Marc Guéhi,DEF,Crystal Palace,4.5,2.6771124227264336,0.5949138717169853
323,Samuel Amissah,DEF,Fulham,4.0,2.669433575097233,0.6673583937743083
39,Ian Maatsen,DEF,Aston Villa,4.5,2.658948447031406,0.5908774326736459
41,Pau Torres,DEF,Aston Villa,4.5,2.658919475913616,0.5908709946474703
78,Julián Araujo Zúñiga,DEF,Bournemouth,4.0,2.6380981300542348,0.6595245325135587
76,Owen Bevan,DEF,Bournemouth,4.0,2.6380981300542348,0.6595245325135587
80,Julio Soler Barreto,DEF,Bournemouth,4.0,2.6380981300542348,0.6595245325135587
75,Matai Akinmboni,DEF,Bournemouth,4.0,2.6380981300542348,0.6595245325135587
79,Chris Mepham,DEF,Bournemouth,4.0,2.6380981300542348,0.6595245325135587
261,Chris Richards,DEF,Crystal Palace,4.5,2.555502229258257,0.5678893842796127
659,Kyle Walker-Peters,DEF,West Ham,4.5,2.553264094810184,0.5673920210689297
408,Rúben dos Santos Gato Alves Dias,DEF,Man City,5.5,2.5422371094103005,0.462224928983691
13,Brayden Clarke,DEF,Arsenal,4.0,2.464210576420136,0.616052644105034
14,Maldini Kacurri,DEF,Arsenal,4.0,2.464210576420136,0.616052644105034
15,Josh Nichols,DEF,Arsenal,4.0,2.464210576420136,0.616052644105034
10,Myles Lewis-Skelly,DEF,Arsenal,5.5,2.3911815252035296,0.4347602773097326
382,Florian Wirtz,MID,Liverpool,8.5,2.3577260122587824,0.2773795308539744
235,Cole Palmer,MID,Chelsea,10.5,2.2668467578527145,0.2158901674145442
387,Dominik Szoboszlai,MID,Liverpool,6.5,2.2350793643807734,0.3438583637508882
386,Alexis Mac Allister,MID,Liverpool,6.5,2.1852584404218387,0.3361936062187444
340,Alex Cairns,GKP,Leeds,4.0,2.1226430580159708,0.5306607645039927
341,Karl Darlow,GKP,Leeds,4.0,2.122619732589926,0.5306549331474815
449,Bruno Borges Fernandes,MID,Man Utd,9.0,2.122417188455469,0.2358241320506076
299,Iliman Ndiaye,MID,Everton,6.5,2.1143995771545656,0.3252922426391639
419,Jack Grealish,MID,Everton,6.5,2.114395209049298,0.3252915706229689
665,Lucas Estella Perri,GKP,Leeds,4.5,2.0982968415512517,0.4662881870113892
339,Illan Meslier,GKP,Leeds,4.5,2.0982968415512517,0.4662881870113892
361,Darko Gyabi,MID,Leeds,4.5,2.0982968415512517,0.4662881870113892
470,Martin Dúbravka,GKP,Burnley,4.0,2.0941259936786527,0.5235314984196632
385,Federico Chiesa,MID,Liverpool,6.5,2.07645714543559,0.3194549454516292
493,Sean Longstaff,MID,Leeds,5.0,2.0739506250865314,0.4147901250173063
660,Anton Stach,MID,Leeds,5.0,2.0739506250865314,0.4147901250173063
358,Tanaka Ao,MID,Leeds,5.0,2.0739506250865314,0.4147901250173063
354,Ethan Ampadu,MID,Leeds,5.0,2.0739506250865314,0.4147901250173063
355,Sam Greenwood,MID,Leeds,5.0,2.0739506250865314,0.4147901250173063
356,Ilia Gruev,MID,Leeds,5.0,2.0739506250865314,0.4147901250173063
357,Largie Ramazani,MID,Leeds,5.0,2.0739506250865314,0.4147901250173063
670,Robin Roefs,GKP,Sunderland,4.5,2.0667510339283943,0.4592780075396432
352,Jack Harrison,MID,Leeds,5.5,2.049604408621812,0.3726553470221476
351,Wilfried Gnonto,MID,Leeds,5.5,2.049604408621812,0.3726553470221476
353,Daniel James,MID,Leeds,5.5,2.049604408621812,0.3726553470221476
350,Brenden Aaronson,MID,Leeds,5.5,2.049604408621812,0.3726553470221476
668,Granit Xhaka,MID,Sunderland,5.0,2.037481493272859,0.4074962986545718
552,Noah Sadiki,MID,Sunderland,5.0,2.037354917932998,0.4074709835865996
553,Chemsdine Talbi,MID,Sunderland,5.0,2.037354917932998,0.4074709835865996
487,Harvey Barnes,MID,Newcastle,6.5,2.026957509473021,0.3118396168420032
488,Bruno Guimarães Rodriguez Moura,MID,Newcastle,6.5,2.0262972718173144,0.3117380418180484
452,Amad Diallo,MID,Man Utd,6.5,2.0135202019938205,0.3097723387682801
453,Alejandro Garnacho Ferreyra,MID,Man Utd,6.5,2.0135107793070404,0.30977088912416
489,Jacob Murphy,MID,Newcastle,6.5,2.0122711074441466,0.3095801703760225
157,Mitoma Kaoru,MID,Brighton,6.5,2.010718770936483,0.3093413493748435
207,Hannibal Mejbri,MID,Burnley,5.0,2.0102855015813854,0.402057100316277
543,Simon Adingra,MID,Sunderland,5.5,2.0081189492540195,0.3651125362280035
544,Habib Diarra,MID,Sunderland,5.5,2.0081189492540195,0.3651125362280035
289,Harry Tyrer,GKP,Everton,4.0,2.0054878516126498,0.5013719629031624
238,Estêvão Almeida de Oliveira Gonçalves,MID,Chelsea,6.5,2.000350481002658,0.3077462278465628
237,Enzo Fernández,MID,Chelsea,6.5,2.0003382954681315,0.3077443531489433
239,Jamie Bynoe-Gittens,MID,Chelsea,6.5,2.000331358176201,0.3077432858732616
580,Brennan Johnson,MID,Spurs,7.0,1.9966674427790971,0.2852382061112996
486,Anthony Elanga,MID,Newcastle,7.0,1.995940710711152,0.2851343872444503
102,Ellery Balcombe,GKP,Brentford,4.0,1.992329039469344,0.4980822598673359
103,Matthew Cox,GKP,Brentford,4.0,1.992329039469344,0.4980822598673359
105,Hákon Rafn Valdimarsson,GKP,Brentford,4.0,1.992329039469344,0.4980822598673359
104,Julian Eyestone,GKP,Brentford,4.0,1.992329039469344,0.4980822598673359
388,Curtis Jones,MID,Liverpool,5.5,1.989593230939248,0.3617442238071359
308,Isaac Heath,MID,Everton,4.5,1.9811416351479303,0.44025369669954
307,Coby Ebere,MID,Everton,4.5,1.9811416351479303,0.44025369669954
306,Callum Bates,MID,Everton,4.5,1.9811416351479303,0.44025369669954
288,Mark Travers,GKP,Everton,4.5,1.9811416351479303,0.44025369669954
205,Josh Cullen,MID,Burnley,5.0,1.9804770538064136,0.3960954107612827
209,Josh Laurent,MID,Burnley,5.0,1.9804770538064136,0.3960954107612827
236,Pedro Lomba Neto,MID,Chelsea,7.0,1.9759772716892203,0.2822824673841743
392,Endo Wataru,MID,Liverpool,5.0,1.9698631044400372,0.3939726208880075
130,Romelle Donovan,MID,Brentford,4.5,1.967982823004624,0.4373295162232498
131,Yunus Emre Konak,MID,Brentford,4.5,1.967982823004624,0.4373295162232498
133,Myles Peart-Harris,MID,Brentford,4.5,1.967982823004624,0.4373295162232498
47,Morgan Rogers,MID,Aston Villa,7.0,1.9645014806192127,0.2806430686598876
82,Antoine Semenyo,MID,Bournemouth,7.0,1.9590137338563425,0.2798591048366203
303,James Garner,MID,Everton,5.0,1.9567954186832104,0.3913590837366421
304,Tim Iroegbunam,MID,Everton,5.0,1.9567954186832104,0.3913590837366421
242,Kiernan Dewsbury-Hall,MID,Everton,5.0,1.9567884545003709,0.3913576909000741
200,Jaidon Anthony,MID,Burnley,5.5,1.9512410851274349,0.3547711063868063
185,Václav Hladký,GKP,Burnley,4.0,1.9502242849835036,0.4875560712458758
184,Etienne Green,GKP,Burnley,4.0,1.9502242849835036,0.4875560712458758
529,Simon Moore,GKP,Sunderland,4.0,1.9502242849835036,0.4875560712458758
530,Blondy Nna Noukeu,GKP,Sunderland,4.0,1.9502242849835036,0.4875560712458758
324,Alex Iwobi,MID,Fulham,6.5,1.9494216200294885,0.2999110184660751
485,Anthony Gordon,MID,Newcastle,7.5,1.9482599817292243,0.2597679975638965
129,Yehor Yarmoliuk,MID,Brentford,5.0,1.943636606539904,0.3887273213079808
123,Fábio Freitas Gouveia Carvalho,MID,Brentford,5.0,1.943636606539904,0.3887273213079808
128,Frank Onyeka,MID,Brentford,5.0,1.943636606539904,0.3887273213079808
126,Mathias Jensen,MID,Brentford,5.0,1.943636606539904,0.3887273213079808
124,Jordan Henderson,MID,Brentford,5.0,1.943636606539904,0.3887273213079808
366,Alisson Becker,GKP,Liverpool,5.5,1.941599804234733,0.3530181462244969
582,Mohammed Kudus,MID,Spurs,6.5,1.9408954451076557,0.2985992992473316
450,Matheus Santos Carneiro da Cunha,MID,Man Utd,8.0,1.940463113495534,0.2425578891869417
119,Bryan Mbeumo,MID,Man Utd,8.0,1.940463113495534,0.2425578891869417
630,Tom King,GKP,Wolves,4.0,1.937574297507958,0.4843935743769895
629,Daniel Bentley,GKP,Wolves,4.0,1.937574297507958,0.4843935743769895
301,Carlos Alcaraz Durán,MID,Everton,5.5,1.932449202218491,0.3513544004033619
302,Idrissa Gana Gueye,MID,Everton,5.5,1.932449202218491,0.3513544004033619
287,Jordan Pickford,GKP,Everton,5.5,1.932449202218491,0.3513544004033619
67,Đorđe Petrović,GKP,Bournemouth,4.5,1.9304442330502332,0.4289876073444963
469,Nick Pope,GKP,Newcastle,5.0,1.926319594001626,0.3852639188003252
211,Aaron Ramsey,MID,Burnley,4.5,1.9258791409162097,0.4279731424258244
554,Abdoullah Ba,MID,Sunderland,4.5,1.925878068518784,0.4279729041152852
555,Alan Browne,MID,Sunderland,4.5,1.925878068518784,0.4279729041152852
558,Jay Matete,MID,Sunderland,4.5,1.925878068518784,0.4279729041152852
559,Nectarios Triantis,MID,Sunderland,4.5,1.925878068518784,0.4279729041152852
557,Harrison Jones,MID,Sunderland,4.5,1.925878068518784,0.4279729041152852
528,Anthony Patterson,GKP,Sunderland,4.5,1.925878068518784,0.4279729041152852
213,Jaydon Banel,MID,Burnley,4.5,1.9258780685187835,0.4279729041152852
214,Mike Trésor Ndayishimiye,MID,Burnley,4.5,1.9258780685187835,0.4279729041152852
183,Max Weiß,GKP,Burnley,4.5,1.9258780685187835,0.4279729041152852
369,Freddie Woodman,GKP,Liverpool,4.0,1.9194208231439431,0.4798552057859858
368,Ármin Pécsi,GKP,Liverpool,4.0,1.9194208231439431,0.4798552057859858
122,Antoni Milambo,MID,Brentford,5.5,1.9192903900751848,0.348961889104579
651,Tom Edozie,MID,Wolves,4.5,1.913228081043238,0.4251617957873862
650,Tawanda Chirewa,MID,Wolves,4.5,1.913228081043238,0.4251617957873862
628,José Malheiro de Sá,GKP,Wolves,4.5,1.913228081043238,0.4251617957873862
627,Sam Johnstone,GKP,Wolves,4.5,1.913228081043238,0.4251617957873862
652,Enso González Medina,MID,Wolves,4.5,1.913228081043238,0.4251617957873862
300,Dwight McNeil,MID,Everton,6.0,1.908102985753771,0.3180171642922951
90,Alex Scott,MID,Bournemouth,5.0,1.907607672539171,0.3815215345078342
413,Omar Marmoush,MID,Man City,8.5,1.90571952228771,0.2242022967397305
584,Mathys Tel,MID,Spurs,6.5,1.905142472642039,0.2930988419449291
434,Tom Heaton,GKP,Man Utd,4.0,1.904583557728532,0.476145889432133
435,Dermot Mee,GKP,Man Utd,4.0,1.904583557728532,0.476145889432133
85,Tyler Adams,MID,Bournemouth,5.0,1.9031113292908264,0.3806222658581652
497,Lewis Miley,MID,Newcastle,4.5,1.9019456417892409,0.4226545870642757
550,Ian Poveda-Ocampo,MID,Sunderland,5.0,1.901531852054064,0.3803063704108128
206,Marcus Edwards,MID,Burnley,5.0,1.901531852054064,0.3803063704108128
208,Luca Koleosho,MID,Burnley,5.0,1.901531852054064,0.3803063704108128
551,Chris Rigg,MID,Sunderland,5.0,1.901531852054064,0.3803063704108128
676,Lesley Ugochukwu,MID,Burnley,5.0,1.901531852054064,0.3803063704108128
204,Darko Churlinov,MID,Burnley,5.0,1.901531852054064,0.3803063704108128
210,Loum Tchaouna,MID,Burnley,5.0,1.901531852054064,0.3803063704108128
549,Dan Neil,MID,Sunderland,5.0,1.901531852054064,0.3803063704108128
203,Enock Agyei,MID,Burnley,5.0,1.901531852054064,0.3803063704108128
547,Enzo Le Fée,MID,Sunderland,5.0,1.901531852054064,0.3803063704108128
546,Milan Aleksić,MID,Sunderland,5.0,1.901531852054064,0.3803063704108128
139,Bart Verbruggen,GKP,Brighton,4.5,1.8969906343948173,0.4215534743099594
367,Giorgi Mamardashvili,GKP,Liverpool,4.5,1.8950746066792237,0.4211276903731608
396,Trey Nyoni,MID,Liverpool,4.5,1.8950746066792237,0.4211276903731608
686,Rio Ngumoha,MID,Liverpool,4.5,1.8950746066792237,0.4211276903731608
393,Stefan Bajčetić Maquieira,MID,Liverpool,4.5,1.8950746066792237,0.4211276903731608
394,James McConnell,MID,Liverpool,4.5,1.8950746066792237,0.4211276903731608
121,Mikkel Damsgaard,MID,Brentford,6.0,1.8949441736104649,0.3158240289350775
223,Gabriel Słonina,GKP,Chelsea,4.0,1.8914050818237016,0.4728512704559254
515,Morgan Gibbs-White,MID,Nott'm Forest,7.5,1.8884964523616303,0.2517995269815507
593,Pape Matar Sarr,MID,Spurs,5.0,1.8830085326963133,0.3766017065392627
565,Guglielmo Vicario,GKP,Spurs,5.0,1.8829640129687768,0.3765928025937554
591,Archie Gray,MID,Spurs,5.0,1.8829156680982744,0.3765831336196548
462,Jack Fletcher,MID,Man Utd,4.5,1.880237341263812,0.4178305202808471
463,Sékou Koné,MID,Man Utd,4.5,1.880237341263812,0.4178305202808471
460,Toby Collyer,MID,Man Utd,4.5,1.880237341263812,0.4178305202808471
461,Jayce Fitzgerald,MID,Man Utd,4.5,1.880237341263812,0.4178305202808471
464,Jack Moorhouse,MID,Man Utd,4.5,1.880237341263812,0.4178305202808471
202,Jacob Bruun Larsen,MID,Burnley,5.5,1.877185635589344,0.3413064791980625
201,Manuel Benson Hedilazio,MID,Burnley,5.5,1.877185635589344,0.3413064791980625
545,Patrick Roberts,MID,Sunderland,5.5,1.877185635589344,0.3413064791980625
491,Sandro Tonali,MID,Newcastle,5.5,1.873675391603172,0.3406682530187585
391,Ben Doak,MID,Liverpool,5.0,1.870728390214504,0.3741456780429008
167,Carlos Baleba,MID,Brighton,5.0,1.867754734038542,0.3735509468077084
173,Mats Wieffer,MID,Brighton,5.0,1.867731126783751,0.3735462253567502
166,Yasin Ayari,MID,Brighton,5.0,1.867731126783751,0.3735462253567502
221,Filip Jörgensen,GKP,Chelsea,4.5,1.8670588653589824,0.4149019700797738
247,Dário Luís Essugo,MID,Chelsea,4.5,1.8670588653589824,0.4149019700797738
246,Andrey Nascimento dos Santos,MID,Chelsea,4.5,1.8670588653589824,0.4149019700797738
679,Mads Hermansen,GKP,West Ham,4.5,1.864814648710692,0.4144032552690426
663,Jhon Arias,MID,Wolves,5.5,1.864535648113799,0.3390064814752361
644,Jean-Ricner Bellegarde,MID,Wolves,5.5,1.864535648113799,0.3390064814752361
643,André Trindade da Costa Neto,MID,Wolves,5.5,1.864535648113799,0.3390064814752361
648,Marshall Munetsi,MID,Wolves,5.5,1.864535648113799,0.3390064814752361
646,João Victor Gomes da Silva,MID,Wolves,5.5,1.864535648113799,0.3390064814752361
645,Fer López González,MID,Wolves,5.5,1.864535648113799,0.3390064814752361
84,Marcus Tavernier,MID,Bournemouth,5.5,1.8592061039690695,0.3380374734489217
267,Ismaïla Sarr,MID,Crystal Palace,6.5,1.858671446321425,0.2859494532802192
431,Altay Bayındır,GKP,Man Utd,5.0,1.8558911247990928,0.3711782249598185
458,Kobbie Mainoo,MID,Man Utd,5.0,1.8558911247990928,0.3711782249598185
459,Manuel Ugarte Ribeiro,MID,Man Utd,5.0,1.8558911247990928,0.3711782249598185
432,André Onana,GKP,Man Utd,5.0,1.8558911247990928,0.3711782249598185
586,Lucas Bergvall,MID,Spurs,5.5,1.8536796994192952,0.33703267262169
54,John McGinn,MID,Aston Villa,5.5,1.851771401743912,0.336685709407984
661,Hugo Ekitiké,FWD,Liverpool,8.5,1.8476900579968,0.2173753009407999
389,Harvey Elliott,MID,Liverpool,5.5,1.846382173749784,0.335705849772688
220,Robert Lynch Sánchez,GKP,Chelsea,5.0,1.8427194278214936,0.3685438855642987
243,Tyrique George,MID,Chelsea,5.0,1.8427126488942625,0.3685425297788525
677,Evann Guessand,MID,Aston Villa,6.5,1.840528263094768,0.283158194322272
642,Hwang Hee-chan,MID,Wolves,6.0,1.8401894316490792,0.3066982386081798
164,Matt O'Riley,MID,Brighton,5.5,1.8384951581047724,0.3342718469281404
335,Josh King,MID,Fulham,4.5,1.8357044687284896,0.4079343263841088
618,Guido Rodríguez,MID,West Ham,5.0,1.835577942226605,0.367115588445321
457,Carlos Henrique Casimiro,MID,Man Utd,5.5,1.831544908334373,0.3330081651517041
430,Erling Haaland,FWD,Man City,14.0,1.8314886411351752,0.1308206172239411
33,Marco Bizot,GKP,Aston Villa,4.5,1.8306600610343915,0.4068133468965313
59,Amadou Onana,MID,Aston Villa,5.0,1.8301432325533469,0.3660286465106693
503,Carlos Miguel dos Santos Pereira,GKP,Nott'm Forest,4.0,1.828270594351443,0.4570676485878607
675,Angus Gunn,GKP,Nott'm Forest,4.0,1.828270594351443,0.4570676485878607
96,Ben Winterburn,MID,Bournemouth,4.5,1.8230325971586232,0.4051183549241385
241,Moisés Caicedo Corozo,MID,Chelsea,5.5,1.818366432429543,0.3306120786235533
48,Youri Tielemans,MID,Aston Villa,6.0,1.812260199521027,0.3020433665868378
381,Mohamed Salah,MID,Liverpool,14.5,1.8114076988852368,0.124924668888637
158,Georginio Rutter,MID,Brighton,6.0,1.8092591894257928,0.3015431982376322
160,Yankuba Minteh,MID,Brighton,6.0,1.8092591894257928,0.3015431982376322
454,Antony dos Santos,MID,Man Utd,6.0,1.8071986918696528,0.3011997819782755
456,Jadon Sancho,MID,Man Utd,6.0,1.8071986918696528,0.3011997819782755
455,Mason Mount,MID,Man Utd,6.0,1.8071986918696528,0.3011997819782755
314,Bernd Leno,GKP,Fulham,5.0,1.8064677622444032,0.3612935524488806
330,Sander Berge,MID,Fulham,5.0,1.8064677622444032,0.3612935524488806
332,Saša Lukić,MID,Fulham,5.0,1.8064677622444032,0.3612935524488806
363,Patrick Bamford,FWD,Leeds,5.0,1.806234995210494,0.3612469990420988
365,Lukas Nmecha,FWD,Leeds,5.0,1.806234995210494,0.3612469990420988
524,Marko Stamenić,MID,Nott'm Forest,4.5,1.803924377886723,0.4008720839748274
523,Eric da Silva Moreira,MID,Nott'm Forest,4.5,1.803924377886723,0.4008720839748274
566,Brandon Austin,GKP,Spurs,4.0,1.7961949114960096,0.4490487278740024
567,Antonín Kinský,GKP,Spurs,4.0,1.7961949114960096,0.4490487278740024
240,Christopher Nkunku,MID,Chelsea,6.0,1.794020215964823,0.2990033693274705
93,Hamed Traorè,MID,Bournemouth,4.5,1.7900681332090422,0.3977929184908982
362,Joël Piroe,FWD,Leeds,5.5,1.781888778745775,0.3239797779537772
502,Matz Sels,GKP,Nott'm Forest,5.0,1.7795854092420915,0.3559170818484183
521,Ibrahim Sangaré,MID,Nott'm Forest,5.0,1.7795781614220036,0.3559156322844007
522,Ryan Yates,MID,Nott'm Forest,5.0,1.7795781614220036,0.3559156322844007
140,Tom McGill,GKP,Brighton,4.0,1.7789877935846483,0.4447469483961621
654,Jørgen Strand Larsen,FWD,Wolves,6.5,1.7788046112723477,0.2736622478880535
329,Harry Wilson,MID,Fulham,5.5,1.777231793565424,0.3231330533755316
614,James Ward-Prowse,MID,West Ham,6.0,1.7771060048686476,0.2961843341447746
612,Lucas Tolentino Coelho de Lima,MID,West Ham,6.0,1.7771060048686476,0.2961843341447746
417,Rayan Cherki,MID,Man City,6.5,1.7724758409789128,0.2726885909198327
416,Bernardo Mota Veiga de Carvalho e Silva,MID,Man City,6.5,1.7724578802572144,0.2726858277318791
418,Jérémy Doku,MID,Man City,6.5,1.7724578802572144,0.2726858277318791
421,Rodrigo 'Rodri' Hernandez Cascante,MID,Man City,6.5,1.7724578802572144,0.2726858277318791
420,İlkay Gündoğan,MID,Man City,6.5,1.7724578802572144,0.2726858277318791
595,Callum Olusesi,MID,Spurs,4.5,1.7718486950312902,0.3937441544513978
217,Lyle Foster,FWD,Burnley,5.0,1.7682204371676689,0.3536440874335337
58,Boubacar Kamara,MID,Aston Villa,5.0,1.7654281135883712,0.3530856227176742
517,Elliot Anderson,MID,Nott'm Forest,5.5,1.7552319449572835,0.3191330809013243
518,João Pedro Ferreira da Silva,MID,Nott'm Forest,5.5,1.7552319449572835,0.3191330809013243
177,Andrew Moran,MID,Brighton,4.5,1.754641577119929,0.3899203504710953
138,Jason Steele,GKP,Brighton,4.5,1.754641577119929,0.3899203504710953
175,Joe Knight,MID,Brighton,4.5,1.754641577119929,0.3899203504710953
176,Adrian Mazilu,MID,Brighton,4.5,1.754641577119929,0.3899203504710953
590,Bryan Gil Salvatierra,MID,Spurs,5.0,1.7475024785665705,0.349500495713314
465,Rasmus Højlund,FWD,Man Utd,6.5,1.745795128138687,0.2685838658674903
561,Eliezer Mayenda Dossou,FWD,Sunderland,5.5,1.7403493084789483,0.3164271469961724
384,Cody Gakpo,MID,Liverpool,7.5,1.7383546258151972,0.2317806167753596
250,Liam Delap,FWD,Chelsea,6.5,1.7326129078934738,0.2665558319836113
669,Dan Ndoye,MID,Nott'm Forest,6.0,1.7308857284925645,0.2884809547487607
516,Callum Hudson-Odoi,MID,Nott'm Forest,6.0,1.7308857284925645,0.2884809547487607
171,Jeremy Sarmiento Morante,MID,Brighton,5.0,1.7302953606552092,0.3460590721310418
168,Facundo Buonanotte,MID,Brighton,5.0,1.7302953606552092,0.3460590721310418
169,Diego Gómez Amarilla,MID,Brighton,5.0,1.7302953606552092,0.3460590721310418
170,James Milner,MID,Brighton,5.0,1.7302953606552092,0.3460590721310418
172,Tom Watson,MID,Brighton,5.0,1.7302953606552092,0.3460590721310418
600,Alphonse Areola,GKP,West Ham,4.5,1.72317688108131,0.3829281957958466
673,João Maria Lobo Alves Palhares Costa Palhinha Gonçalves,MID,Spurs,5.5,1.7231562621018508,0.3133011385639728
585,Rodrigo Bentancur,MID,Spurs,5.5,1.7231562621018508,0.3133011385639728
588,Wilson Odobert,MID,Spurs,5.5,1.7231562621018508,0.3133011385639728
587,Yves Bissouma,MID,Spurs,5.5,1.7231562621018508,0.3133011385639728
313,Martin Sherif,FWD,Everton,4.5,1.7134208016886914,0.3807601781530425
63,Kadan Young,MID,Aston Villa,4.5,1.7072184915161792,0.3793818870035954
60,Ben Broggio,MID,Aston Villa,4.5,1.707210096141282,0.3793800213647293
62,Jamaldeen Jimoh-Aloba,MID,Aston Villa,4.5,1.707210096141282,0.3793800213647293
61,Leander Dendoncker,MID,Aston Villa,4.5,1.707210096141282,0.3793800213647293
163,Jack Hinshelwood,MID,Brighton,5.5,1.7059491441904893,0.310172571670998
162,Brajan Gruda,MID,Brighton,5.5,1.7059491441904893,0.310172571670998
165,Abdallah Sima,MID,Brighton,5.5,1.7059491441904893,0.310172571670998
86,David Brooks,MID,Bournemouth,5.0,1.7015022621601168,0.3403004524320233
253,Dean Henderson,GKP,Crystal Palace,5.0,1.7010692267773737,0.3402138453554747
137,Iwan Morgan,FWD,Brentford,4.5,1.7002671931285869,0.3778371540285748
681,Benjamin Sesko,FWD,Man Utd,7.5,1.6970934296807885,0.2262791239574384
53,Donyell Malen,MID,Aston Villa,5.5,1.6958814558593118,0.3083420828835112
490,Joelinton Cássio Apolinário de Lira,MID,Newcastle,6.0,1.6912994448961418,0.2818832408160236
312,Youssef Ramalho Chermiti,FWD,Everton,5.0,1.6890745852239717,0.3378149170447942
64,Ollie Watkins,FWD,Aston Villa,9.0,1.685418651870644,0.1872687390967382
249,João Pedro Junqueira de Jesus,FWD,Chelsea,7.5,1.6839151405828194,0.2245220187443759
57,Lewis Dobbin,MID,Aston Villa,5.0,1.682863879676562,0.3365727759353124
337,Raúl Jiménez Rodríguez,FWD,Fulham,6.5,1.6816966019741335,0.2587225541498667
16,Bukayo Saka,MID,Arsenal,10.0,1.6816396729315746,0.1681639672931574
311,Norberto Bercique Gomes Betuncal,FWD,Everton,5.5,1.6647335723424534,0.3026788313349915
52,Jacob Ramsey,MID,Aston Villa,5.5,1.6585221664564378,0.3015494848102614
51,Samuel Iling-Junior,MID,Aston Villa,5.5,1.6585196765256172,0.3015490320955667
50,Emiliano Buendía Stati,MID,Aston Villa,5.5,1.6585196765256172,0.3015490320955667
49,Leon Bailey,MID,Aston Villa,5.5,1.6585196765256172,0.3015490320955667
252,Marc Guiu Paz,FWD,Sunderland,4.5,1.6581634111499988,0.3684807580333331
563,Luís Hemir Silva Semedo,FWD,Sunderland,4.5,1.658162574621972,0.368480572138216
564,Nazarii Rusyn,FWD,Sunderland,4.5,1.658162574621972,0.368480572138216
219,Michael Obafemi,FWD,Burnley,4.5,1.6581624357132143,0.3684805412696032
562,Ahmed Abdullahi,FWD,Sunderland,4.5,1.658162389077116,0.3684805309060258
218,Ashley Barnes,FWD,Burnley,4.5,1.658160590425196,0.3684801312055991
658,Nathan Fraser,FWD,Wolves,4.5,1.645512451167201,0.3656694335927113
310,Thierno Barry,FWD,Everton,6.0,1.6403873558777338,0.2733978926462889
398,Jayden Danns,FWD,Liverpool,4.5,1.6273670940619152,0.3616371320137589
136,Igor Thiago Nascimento Rodrigues,FWD,Brentford,6.0,1.6272285437344278,0.2712047572890713
624,Jarrod Bowen,FWD,West Ham,8.0,1.623083404839064,0.202885425604883
21,Declan Rice,MID,Arsenal,6.5,1.621434542080105,0.2494514680123238
656,Saša Kalajdžić,FWD,Wolves,5.0,1.6211717239064918,0.3242343447812983
655,Fábio Soares Silva,FWD,Wolves,5.0,1.6211662347024811,0.3242332469404962
525,Chris Wood,FWD,Nott'm Forest,7.5,1.6207805520821652,0.2161040736109553
178,Danny Welbeck,FWD,Brighton,6.5,1.6202408158560877,0.2492678178240135
468,Ethan Wheatley,FWD,Man Utd,4.5,1.6125272005917852,0.3583393779092856
467,Chido Obi,FWD,Man Utd,4.5,1.612521711387775,0.3583381580861722
560,Wilson Isidor,FWD,Sunderland,5.5,1.6094705659486657,0.2926310119906665
215,Zian Flemming,FWD,Burnley,5.5,1.6094705659486657,0.2926310119906665
680,Armando Broja,FWD,Burnley,5.5,1.6094700027837752,0.29263090959705
399,Ederson Santana de Moraes,GKP,Man City,5.5,1.5905397563075538,0.2891890466013734
596,Dominic Solanke-Mitchell,FWD,Spurs,7.5,1.5887072941886038,0.2118276392251471
97,Francisco Evanilson de Lima Barbosa,FWD,Bournemouth,7.0,1.5837814299509017,0.2262544899929859
500,William Osula,FWD,Newcastle,5.5,1.5797010015940265,0.2872183639261866
100,Eli Junior Kroupi,FWD,Bournemouth,4.5,1.55864675937411,0.34636594652758
479,Emil Krafth,DEF,Newcastle,4.5,1.5532628710353855,0.3451695268967523
480,Jamaal Lascelles,DEF,Newcastle,4.5,1.5532628710353855,0.3451695268967523
17,Martin Ødegaard,MID,Arsenal,8.0,1.548413065526533,0.1935516331908166
466,Joshua Zirkzee,FWD,Man Utd,6.0,1.5394830619936155,0.2565805103322693
18,Noni Madueke,MID,Arsenal,7.0,1.5376079645280465,0.2196582806468637
19,Gabriel Martinelli Silva,MID,Arsenal,7.0,1.5376079645280465,0.2196582806468637
606,Konstantinos Mavropanos,DEF,West Ham,4.5,1.534874103204086,0.3410831340453524
604,Emerson Palmieri dos Santos,DEF,West Ham,4.5,1.534874103204086,0.3410831340453524
608,Ollie Scarles,DEF,West Ham,4.5,1.534874103204086,0.3410831340453524
475,Sven Botman,DEF,Newcastle,5.0,1.528916654570666,0.3057833309141332
684,Malick Thiaw,DEF,Newcastle,5.0,1.528916654570666,0.3057833309141332
597,Richarlison de Andrade,FWD,Spurs,6.5,1.5223695628924856,0.2342107019834593
257,Maxence Lacroix,DEF,Crystal Palace,5.0,1.5127660211874392,0.3025532042374878
258,Tyrick Mitchell,DEF,Crystal Palace,5.0,1.5127660211874392,0.3025532042374878
259,Borna Sosa,DEF,Crystal Palace,5.0,1.5127660211874392,0.3025532042374878
625,Niclas Füllkrug,FWD,West Ham,6.0,1.5093962048097689,0.2515660341349615
319,Timothy Castagne,DEF,Fulham,4.5,1.505097367026415,0.3344660815614255
320,Issa Diop,DEF,Fulham,4.5,1.505097367026415,0.3344660815614255
473,Lewis Hall,DEF,Newcastle,5.5,1.5045704381059462,0.2735582614738084
599,Dane Scarlett,FWD,Spurs,4.5,1.5041331495977484,0.3342518110217218
256,Daniel Muñoz Mejía,DEF,Crystal Palace,5.5,1.4884198047227195,0.2706217826768581
527,Taiwo Awoniyi,FWD,Nott'm Forest,5.5,1.4875163150812467,0.2704575118329539
318,Calvin Bassey,DEF,Fulham,4.5,1.482434456380469,0.3294298791956598
501,Sean Neave,FWD,Newcastle,4.5,1.4738343614059048,0.3275187469790899
526,Igor Jesus Maciel da Cruz,FWD,Nott'm Forest,6.0,1.4631700986165268,0.2438616831027544
666,Viktor Gyökeres,FWD,Arsenal,9.0,1.462616590041647,0.1625129544490718
181,Charalampos Kostoulas,FWD,Brighton,5.0,1.4625798152216676,0.2925159630443335
65,Zépiqueno Redmond,FWD,Aston Villa,4.5,1.43954589619389,0.3198990880430867
180,Stefanos Tzimas,FWD,Brighton,5.5,1.4382415537287894,0.2614984643143253
411,Nico O'Reilly,DEF,Man City,5.0,1.426569200881728,0.2853138401763456
410,Rico Lewis,DEF,Man City,5.0,1.426569200881728,0.2853138401763456
74,Adrien Truffert,DEF,Bournemouth,4.5,1.413771864391207,0.3141715254202682
685,Bafodé Diakité,DEF,Bournemouth,4.5,1.413771864391207,0.3141715254202682
409,John Stones,DEF,Man City,5.5,1.4022229844170082,0.2549496335303651
405,Nathan Aké,DEF,Man City,5.5,1.4022229844170082,0.2549496335303651
404,Manuel Akanji,DEF,Man City,5.5,1.4022229844170082,0.2549496335303651
406,Abdukodir Khusanov,DEF,Man City,5.5,1.4022229844170082,0.2549496335303651
407,Matheus Nunes,DEF,Man City,5.5,1.4022229844170082,0.2549496335303651
402,Rayan Aït-Nouri,DEF,Man City,6.0,1.3778767679522883,0.2296461279920481
12,Oleksandr Zinchenko,DEF,Arsenal,5.0,1.2755280009197516,0.2551056001839503
7,Riccardo Calafiori,DEF,Arsenal,5.5,1.251181784455032,0.2274875971736421
662,Cristhian Mosquera,DEF,Arsenal,5.5,1.251181784455032,0.2274875971736421
9,Jakub Kiwior,DEF,Arsenal,5.5,1.251181784455032,0.2274875971736421
8,Jurriën Timber,DEF,Arsenal,5.5,1.251181784455032,0.2274875971736421
11,Benjamin White,DEF,Arsenal,5.5,1.251181784455032,0.2274875971736421
5,Gabriel dos Santos Magalhães,DEF,Arsenal,6.0,1.2268355679903122,0.204472594665052
6,William Saliba,DEF,Arsenal,6.0,1.2268355679903122,0.204472594665052
345,Sebastiaan Bornauw,DEF,Leeds,4.0,1.02074808041941,0.2551870201048525
342,Jayden Bogle,DEF,Leeds,4.5,1.0041618639546903,0.22314708087882
296,Nathan Patterson,DEF,Everton,4.5,0.959428853268602,0.2132064118374671
376,Joe Gomez,DEF,Liverpool,5.0,0.9107813134600902,0.182156262692018
292,Vitalii Mykolenko,DEF,Everton,5.0,0.8648191447194623,0.1729638289438924
230,Wesley Fofana,DEF,Chelsea,4.5,0.7367238846519195,0.1637164188115376
266,Eberechi Eze,MID,Crystal Palace,7.5,0.6699722896714794,0.0893296386228639
471,Mark Gillespie,GKP,Newcastle,4.0,0.6258999304183698,0.1564749826045924
120,Kevin Schade,MID,Brentford,7.0,0.6176812720405155,0.0882401817200736
255,Remi Matthews,GKP,Crystal Palace,4.0,0.6097492970351431,0.1524373242587857
254,Walter Benítez,GKP,Crystal Palace,4.0,0.6097492970351431,0.1524373242587857
602,Krisztián Hegyi,GKP,West Ham,4.0,0.6075111625870703,0.1518777906467675
601,Wes Foderingham,GKP,West Ham,4.0,0.6075111625870703,0.1518777906467675
496,Garang Kuol,MID,Newcastle,4.5,0.6015537139536501,0.1336786031008111
344,Jaka Bijol,DEF,Leeds,4.0,0.5966858939337595,0.1491714734834398
282,Franco Umeh-Chibueze,MID,Crystal Palace,4.5,0.5854030805704235,0.1300895734600941
281,Kaden Rodney,MID,Crystal Palace,4.5,0.5854030805704235,0.1300895734600941
274,Asher Agbinone,MID,Crystal Palace,4.5,0.5854030805704235,0.1300895734600941
275,Naouirou Ahamada,MID,Crystal Palace,4.5,0.5854030805704235,0.1300895734600941
276,Justin Devenny,MID,Crystal Palace,4.5,0.5854030805704235,0.1300895734600941
278,Jesurun Rak-Sakyi,MID,Crystal Palace,4.5,0.5854030805704235,0.1300895734600941
622,Lewis Orford,MID,West Ham,4.5,0.5831649461223505,0.1295922102494112
623,Freddie Potts,MID,West Ham,4.5,0.5831649461223505,0.1295922102494112
621,Andy Irving,MID,West Ham,4.5,0.5831649461223505,0.1295922102494112
664,Benjamin Lecomte,GKP,Fulham,4.0,0.577734426409399,0.1444336066023497
492,Antoñito Cordero Campillo,MID,Newcastle,5.0,0.5772074974889304,0.115441499497786
674,Aaron Ramsdale,GKP,Newcastle,5.0,0.5772074974889304,0.115441499497786
269,Romain Esse,MID,Crystal Palace,5.0,0.5610568641057038,0.1122113728211407
272,Jefferson Lerma Solís,MID,Crystal Palace,5.0,0.5610568641057038,0.1122113728211407
270,Will Hughes,MID,Crystal Palace,5.0,0.5610568641057038,0.1122113728211407
273,Adam Wharton,MID,Crystal Palace,5.0,0.5610568641057038,0.1122113728211407
414,Phil Foden,MID,Man City,8.0,0.5594292529010483,0.069928656612631
619,Luis Guilherme Lira dos Santos,MID,West Ham,5.0,0.5588187296576308,0.1117637459315261
617,Maxwel Cornet,MID,West Ham,5.0,0.5588187296576308,0.1117637459315261
616,Edson Álvarez Velázquez,MID,West Ham,5.0,0.5588187296576308,0.1117637459315261
336,Harrison Reed,MID,Fulham,4.5,0.5533882099446793,0.1229751577654842
333,Martial Godo,MID,Fulham,4.5,0.5533882099446793,0.1229751577654842
70,Alex Paulsen,GKP,Bournemouth,4.0,0.5463989813664006,0.1365997453416001
69,Callan McKenna,GKP,Bournemouth,4.0,0.5463989813664006,0.1365997453416001
68,Will Dennis,GKP,Bournemouth,4.0,0.5463989813664006,0.1365997453416001
331,Tom Cairney,MID,Fulham,5.0,0.5290419934799596,0.1058083986959919
401,Marcus Bettinelli,GKP,Man City,4.0,0.5235524767294317,0.1308881191823579
95,Zain Silcott-Duberry,MID,Bournemouth,4.5,0.522052764901681,0.1160117255337068
92,Romain Faivre,MID,Bournemouth,4.5,0.522052764901681,0.1160117255337068
94,Dominic Sadi,MID,Bournemouth,4.5,0.522052764901681,0.1160117255337068
687,Remy Rees-Dottin,MID,Bournemouth,4.5,0.522052764901681,0.1160117255337068
305,Harrison Armstrong,MID,Everton,4.5,0.5164246130019855,0.1147610251115523
613,Tomáš Souček,MID,West Ham,6.0,0.5101262967281915,0.0850210494546985
101,Caoimhín Kelleher,GKP,Brentford,4.5,0.5087889853807259,0.1130642189734946
327,Andreas Hoelgebaum Pereira,MID,Fulham,5.5,0.5046957770152399,0.0917628685482254
326,Adama Traoré Diarra,MID,Fulham,5.5,0.5046957770152399,0.0917628685482254
89,Philip Billing,MID,Bournemouth,5.0,0.4977065484369613,0.0995413096873922
375,Conor Bradley,DEF,Liverpool,5.0,0.4838927179943684,0.0967785435988736
325,Emile Smith Rowe,MID,Fulham,6.0,0.4803495605505203,0.0800582600917533
400,Stefan Ortega Moreno,GKP,Man City,5.0,0.4748600437999923,0.0949720087599984
428,Sverre Nypan,MID,Man City,5.0,0.4748600437999923,0.0949720087599984
182,James Trafford,GKP,Man City,5.0,0.4748600437999923,0.0949720087599984
429,Kalvin Phillips,MID,Man City,5.0,0.4748600437999923,0.0949720087599984
424,Oscar Bobb,MID,Man City,5.5,0.4505138273352727,0.0819116049700495
426,James McAtee,MID,Man City,5.5,0.4505138273352727,0.0819116049700495
427,Tijjani Reijnders,MID,Man City,5.5,0.4505138273352727,0.0819116049700495
425,Claudio Echeverri,MID,Man City,5.5,0.4505138273352727,0.0819116049700495
193,Bashir Humphreys,DEF,Burnley,4.0,0.426942705973628,0.106735676493407
423,Nico González Iglesias,MID,Man City,6.0,0.4261676108705531,0.0710279351450921
283,Jean-Philippe Mateta,FWD,Crystal Palace,7.5,0.4022570765907979,0.053634276878773
4,Tommy Setford,GKP,Arsenal,4.0,0.3725112767674555,0.0931278191918638
3,Karl Hein,GKP,Arsenal,4.0,0.3725112767674555,0.0931278191918638
533,Aji Alese,DEF,Sunderland,4.0,0.3649289735505218,0.0912322433876304
536,Leo Fuhr Hjelde,DEF,Sunderland,4.0,0.3649289735505218,0.0912322433876304
535,Dennis Cirkin,DEF,Sunderland,4.0,0.3649289735505218,0.0912322433876304
539,Luke O'Nien,DEF,Sunderland,4.0,0.3649289735505218,0.0912322433876304
2,Kepa Arrizabalaga Revuelta,GKP,Arsenal,4.5,0.3481650603027358,0.0773700134006079
28,Ismeal Kabia,MID,Arsenal,4.5,0.3481650603027358,0.0773700134006079
29,Albert Sambi Lokonga,MID,Arsenal,4.5,0.3481650603027358,0.0773700134006079
290,Jarrad Branthwaite,DEF,Everton,5.5,0.3471536477307941,0.0631188450419625
189,Owen Dodgson,DEF,Burnley,4.0,0.3405642132723633,0.0851410533180908
639,Bastien Meupiyou Menadjou,DEF,Wolves,4.0,0.3279139796316007,0.0819784949079001
27,Reiss Nelson,MID,Arsenal,5.0,0.3238188438380162,0.0647637687676032
286,Zach Marsh,FWD,Crystal Palace,4.5,0.3176878674897419,0.0705973038866093
626,Callum Marshall,FWD,West Ham,4.5,0.3154497330416689,0.0700999406759264
23,Fábio Ferreira Vieira,MID,Arsenal,5.5,0.2994726273732965,0.0544495686133266
1,David Raya Martín,GKP,Arsenal,5.5,0.2994726273732965,0.0544495686133266
26,Martín Zubimendi Ibáñez,MID,Arsenal,5.5,0.2994726273732965,0.0544495686133266
25,Ethan Nwaneri,MID,Arsenal,5.5,0.2994726273732965,0.0544495686133266
24,Christian Nørgaard,MID,Arsenal,5.5,0.2994726273732965,0.0544495686133266
285,Odsonne Édouard,FWD,Crystal Palace,5.0,0.2933416510250222,0.0586683302050044
229,Benoît Badiashile Mukinayi,DEF,Chelsea,4.5,0.2817633077607835,0.0626140683912852
22,Mikel Merino Zazón,MID,Arsenal,6.0,0.2751264109085768,0.0458544018180961
437,Lisandro Martínez,DEF,Man Utd,5.0,0.2705955672008938,0.0541191134401787
438,Noussair Mazraoui,DEF,Man Utd,5.0,0.2705955672008938,0.0541191134401787
577,Takai Kōta,DEF,Spurs,4.0,0.2623529438271752,0.0655882359567938
227,Levi Samuels Colwill,DEF,Chelsea,5.0,0.2574170912960638,0.0514834182592127
231,Mamadou Sarr,DEF,Chelsea,4.5,0.2573985474826251,0.0571996772183611
99,Daniel Adu-Adjei,FWD,Bournemouth,4.5,0.2543375518209995,0.0565194559602221
671,Callum Wilson,FWD,West Ham,6.0,0.2424110836475099,0.0404018472745849
338,Rodrigo Muniz Carvalho,FWD,Fulham,5.5,0.2369805639345584,0.0430873752608288
359,Charlie Crew,MID,Leeds,4.5,0.2209213137047144,0.0490936252677143
360,Joe Gelhardt,MID,Leeds,4.5,0.2209213137047144,0.0490936252677143
42,Andrés García,DEF,Aston Villa,4.0,0.198374344937167,0.0495935862342917
572,Radu Drăgușin,DEF,Spurs,4.5,0.1865529949393493,0.0414562210976331
574,Destiny Udogie,DEF,Spurs,4.5,0.1865529949393493,0.0414562210976331
576,Ashley Phillips,DEF,Spurs,4.0,0.1865344511259105,0.0466336127814776
153,Adam Webster,DEF,Brighton,4.5,0.1693458770279881,0.0376324171173306
154,Eiran Cashin,DEF,Brighton,4.0,0.1693273332145493,0.0423318333036373
30,Kai Havertz,FWD,Arsenal,7.5,0.1650190563231103,0.0220025408430813
265,Caleb Kporha,DEF,Crystal Palace,4.0,0.1644435995791038,0.0411108998947759
262,Chadi Riad Dnanou,DEF,Crystal Palace,4.0,0.1644435995791038,0.0411108998947759
579,Son Heung-min,MID,Spurs,8.5,0.1609963056414999,0.0189407418401764
20,Leandro Trossard,MID,Arsenal,7.0,0.1479486151955284,0.021135516456504
147,Pervis Estupiñán Tenorio,DEF,Brighton,4.5,0.1449811167498296,0.0322180259444065
264,Rob Holding,DEF,Crystal Palace,4.0,0.1400788393009454,0.0350197098252363
611,Kaelan Casey,DEF,West Ham,4.0,0.1378407048528724,0.0344601762132181
132,Paris Maghoma,MID,Brentford,4.5,0.1149720523257435,0.0255493449612763
451,Marcus Rashford,MID,Man Utd,7.0,0.1117772358725491,0.0159681765532213
309,Jenson Metcalfe,MID,Everton,4.5,0.1037661073013934,0.0230591349558652
125,Vitaly Janelt,MID,Brentford,5.0,0.0906258358610239,0.0181251671722047
127,Gustavo Nunes Fernandes Gomes,MID,Brentford,5.0,0.0906258358610238,0.0181251671722047
134,Ryan Trevitt,MID,Brentford,4.5,0.0906072920475851,0.0201349537883522
316,Antonee Robinson,DEF,Fulham,5.0,0.0837362960239203,0.016747259204784
383,Luis Díaz Marulanda,MID,Liverpool,8.0,0.0779219505386734,0.0097402438173341
583,Dejan Kulusevski,MID,Spurs,6.5,0.0520994238891631,0.0080152959829481
548,Romaine Mundle,MID,Sunderland,5.0,0.0485213275404007,0.0097042655080801
556,Pierre Ekwah Elimby,MID,Sunderland,4.5,0.048502783726962,0.0107783963837693
212,Oluwaseun Adewumi,MID,Burnley,4.5,0.048502783726962,0.0107783963837693
653,Joe Hodge,MID,Wolves,4.5,0.0358525500861993,0.0079672333524887
71,Illia Zabarnyi,DEF,Bournemouth,5.0,0.0280360907027636,0.0056072181405527
581,James Maddison,MID,Spurs,7.0,0.0277532074244433,0.0039647439177776
433,Elyh Harrison,GKP,Man Utd,4.0,0.027208026771493,0.0068020066928732
395,Tyler Morton,MID,Liverpool,4.5,0.0176989579023371,0.0039331017560749
589,Manor Solomon,MID,Spurs,5.5,0.0143490847509963,0.0026089245001811
222,Mike Penders,GKP,Chelsea,4.0,0.0140295508666631,0.0035073877166657
649,Boubacar Traoré,MID,Wolves,5.0,0.0115063336214797,0.0023012667242959
412,Vitor de Oliveira Nunes dos Reis,DEF,Man City,5.0,0.0051895860657946,0.0010379172131589
244,Roméo Lavia,MID,Chelsea,5.0,-0.0102981217846178,-0.0020596243569235
248,Kendry Páez Andrade,MID,Chelsea,4.5,-0.0103166655980565,-0.0022925923551236
647,Gonçalo Manuel Ganchinho Guedes,MID,Wolves,5.5,-0.01283988284324,-0.0023345241533163
499,Alexander Isak,FWD,Newcastle,10.5,-0.0131333054958702,-0.0012507909996066
328,Ryan Sessegnon,MID,Fulham,5.5,-0.0170419258079056,-0.0030985319650737
403,Joško Gvardiol,DEF,Man City,6.0,-0.0191380865854863,-0.003189681097581
390,Ryan Gravenberch,MID,Liverpool,5.5,-0.0384903243434586,-0.0069982407897197
245,Mykhailo Mudryk,MID,Chelsea,5.0,-0.0421597313791326,-0.0084319462758265
504,Matt Turner,GKP,Nott'm Forest,4.0,-0.0491049366055959,-0.0122762341513989
364,Mateo Joseph Fernández-Regatillo,FWD,Leeds,5.0,-0.0711401158406867,-0.0142280231681373
519,Nicolás Domínguez,MID,Nott'm Forest,5.0,-0.0734326092568767,-0.0146865218513753
81,Justin Kluivert,MID,Bournemouth,7.0,-0.0820527200692641,-0.011721817152752
55,Ross Barkley,MID,Aston Villa,5.0,-0.0850583620501521,-0.0170116724100304
520,Lewis O'Brien,MID,Nott'm Forest,5.0,-0.0977973695350352,-0.019559473907007
141,Carl Rushworth,GKP,Brighton,4.0,-0.0983878798661323,-0.024596969966533
142,Kjell Scherpen,GKP,Brighton,4.0,-0.0983878798661323,-0.024596969966533
135,Yoane Wissa,FWD,Brentford,7.5,-0.101909773577486,-0.0135879698103314
415,Sávio Moreira de Oliveira,MID,Man City,7.0,-0.1048992247062331,-0.0149856035294618
594,Yang Min-hyeok,MID,Spurs,4.5,-0.1055269784194907,-0.0234504396487757
472,Odysseas Vlachodimos,GKP,Newcastle,4.0,-0.1114857403965095,-0.0278714350991273
397,Darwin Núñez Ribeiro,FWD,Liverpool,6.5,-0.116754613147849,-0.0179622481765921
279,Matheus França de Oliveira,MID,Crystal Palace,4.5,-0.1276178299662974,-0.0283595177702883
620,George Earthy,MID,West Ham,4.5,-0.1298559644143704,-0.0288568809809712
592,Mikey Moore,MID,Spurs,5.0,-0.1298731948842104,-0.025974638976842
494,Joe Willock,MID,Newcastle,5.0,-0.1358134130477904,-0.027162682609558
495,Isaac Hayden,MID,Newcastle,4.5,-0.1358319568612292,-0.0301848793024953
498,Joe White,MID,Newcastle,4.5,-0.1358319568612292,-0.0301848793024953
35,Filip Marschall,GKP,Aston Villa,4.0,-0.1458193608447792,-0.0364548402111948
34,Joe Gauci,GKP,Aston Villa,4.0,-0.1458193608447792,-0.0364548402111948
161,Julio Enciso Espínola,MID,Brighton,5.5,-0.1470617689821329,-0.0267385034512968
174,Malick Yalcouyé,MID,Brighton,5.0,-0.1470803127955717,-0.0294160625591143
271,Daichi Kamada,MID,Crystal Palace,5.0,-0.1519640464310171,-0.0303928092862034
268,Cheick Doucouré,MID,Crystal Palace,5.0,-0.1519640464310171,-0.0303928092862034
280,David Ozoh,MID,Crystal Palace,4.5,-0.1519825902444559,-0.0337739089432124
277,Malcolm Ebiowei,MID,Crystal Palace,4.5,-0.1519825902444559,-0.0337739089432124
251,Nicolas Jackson,FWD,Chelsea,6.5,-0.1522670859645991,-0.0234257055330152
315,Steven Benda,GKP,Fulham,4.0,-0.1596512444054803,-0.03991281110137
159,Solly March,MID,Brighton,6.0,-0.1714079854468526,-0.0285679975744754
615,Crysencio Summerville,MID,West Ham,5.5,-0.1785483973438098,-0.0324633449716017
334,Luke Harris,MID,Fulham,4.5,-0.1839974608702,-0.0408883246378222
83,Dango Ouattara,MID,Bournemouth,6.0,-0.1894043267625494,-0.0315673877937582
56,Enzo Barrenechea,MID,Aston Villa,5.0,-0.1945117937742186,-0.0389023587548437
32,Emiliano Martínez Romero,GKP,Aston Villa,5.0,-0.202008643090575,-0.040401728618115
657,Leon Chiwome,FWD,Wolves,4.5,-0.2074979027163237,-0.0461106450480719
91,Luis Sinisterra Lucumí,MID,Bournemouth,5.0,-0.2107203375012654,-0.042144067500253
87,Ryan Christie,MID,Bournemouth,5.0,-0.2153143620997595,-0.0430628724199519
66,Norberto Murara Neto,GKP,Bournemouth,4.5,-0.2153329059131983,-0.0478517568695996
216,Zeki Amdouni,FWD,Burnley,5.0,-0.2191938855402807,-0.0438387771080561
88,Lewis Cook,MID,Bournemouth,5.0,-0.2471759716942743,-0.0494351943388548
422,Mateo Kovačić,MID,Man City,6.0,-0.2868532996661679,-0.0478088832776946
598,Will Lankshear,FWD,Spurs,4.5,-0.3732421915001723,-0.0829427092222605
179,Evan Ferguson,FWD,Brighton,5.5,-0.4391417423409728,-0.0798439531529041
284,Eddie Nketiah,FWD,Crystal Palace,5.5,-0.4440254759764184,-0.0807319047229851
31,Gabriel Fernando de Jesus,FWD,Arsenal,6.5,-0.4993094212841712,-0.0768168340437186
98,Enes Ünal,FWD,Bournemouth,5.5,-0.5073757916451608,-0.0922501439354837
